FacilityID,DNA_Conc,Library_Conc,SampleID,i7Indexes,i5Indexes,SampleType,Filler,CaseNumber,MatchedSample,Bactibilia,Organisms,BacteriaPLUS-BacteriaNEG,LifeStage,Sex,Breed,Patient-Control,FebrileLESSTHANEQUAL103HyperthermicorNormothermic,PCV,PP,PLT,WBC,SEG,BAND,TOTALLYMPH,MONO,EOS,BUN,CREAT,ALT,ALP,GGT,AST,CK,TBILI,ALB,GLOB,CHOL,GLU,ClinicalDiagnosisofCholangitisvsOther,Inflammatorycellsoncytology,CulturePLUSmultiple.single.none,GIPanelPerformed,fPLI,Cobalamin-Folate,Antibioticusagecurrentorwithinpast30d,GBabnormalitiesPLUSorNEG,Wallthickening,Wallhyperechogenicity,GBSludge,CBDDilation,CBDWallThickening,Choleliths,Mucosalhyperplasia,PancreasabnormalitiesPLUSorNEG,Hypoechoicparenchyma,Heterogeneousparenchyma,Hyperechoicmesentery,Enlarged,Nodules,IntestinalabnormalitiesPLUSorNEG,Lossofwalllayering,Thickenedlayers,Abnormallayer,Dilation,LiverabnormalitiesPLUSorNEG,Hypoechoic,Hyperechoic,Gallbladder-Liverabnormalities,LymphnodeabnormalitiesYorN,Abnormallymphnodes,Intestinal-Nodalabnormalities,PeritonealEffusion,ElevatedLEActivityALT.ALP.both,Cholestaticvs.Hepatocellularvs.Mixed,InflammationPLUS-InflammationNEG,Inflamm-Bacteria,ELE-Bacteria,GBAUS-Bacteria,Inflamm-ELE-Bacteria,Inflamm-GBAUS-Bacteria,ELE-GBAUS-Bacteria,Inflamm-ELE-GBAUS-Bacteria,Inflamm-ELE,Inflamm-GBAUS,ELE-GBAUS,Inflamm-ELE-GBAUS,InflammPLUSPancAUS,fPLiPLUSPancAUS,InflammPLUSfPLiPLUSPancAUS,LowB12-FolatePLUSITAUS,LowB12-FolatePLUSITAUSPLUSNodeAUS,HistopathMDPNOducts
1,ND,3.138537839,716-513,716,513,Positive,NA,192508,NA,Nobactibilia,Noculturedorganisms,BacteriaNEG,Junior,MC,DSH,Patient,Normothermic,Anemic,NormalPP,Clumps,NormalWBC,NormalSEG,BandNeutrophilia,NormalLYMPH,NormalMONO,Eosinopenia,NormalBUN,NormalCREAT,ElevatedALT,NormalALP,NormalGGT,NormalAST,NormalCK,Hyperbilirubinemia,NormalALB,Hyperglobulinemia,NormalCHOL,Normoglycemia,Cholangitis,Noinflammatorycells,None,NoGIPanel,Notperformed,Notperformed,Noantibiotics,GBAUSPLUS,N,N,Y,N,N,N,N,PancAUSNEG,N,N,N,N,N,ITAUSPLUS,N,Y,muscularis,N,HepAUSNEG,N,N,GBAUSPLUS-HepAUSNEG,NodeAUSNEG,NA,ITAUSPLUS-NodeAUSNEG,N,ElevatedLEActivity,Hepatocellular,InflammPLUS,InflammPLUS-BacteriaNEG,ELEPLUS-BacteriaNEG,GBAUSPLUS-BacteriaNEG,InflammPLUS-ELEPLUS-BacteriaNEG,InflammPLUS-GBAUSPLUS-BacteriaNEG,ELEPLUS-GBAUSPLUS-BacteriaNEG,InflammPLUS-ELEPLUS-GBAUSPLUS-BacteriaNEG,InflammPLUS-ELEPLUS,InflammPLUS-GBAUSPLUS,ELEPLUS-GBAUSPLUS,InflammPLUS-ELEPLUS-GBAUSPLUS,InflammPLUS-PancAUSNEG,NA,NA,NA,NA,NA
2,ND,4.297750291,716-515,716,515,Positive,NA,200683,NA,Nobactibilia,Noculturedorganisms,BacteriaNEG,Mature,FS,Siamese,Patient,NA,NormalPCV,NormalPP,Clumps,NormalWBC,SegmentedNeutrophilia,NormalBAND,NormalLYMPH,NormalMONO,NormalEOS,NormalBUN,NormalCREAT,NormalALT,NormalALP,NormalGGT,NormalAST,NormalCK,NormalTBILI,NormalALB,NormalGLOB,NormalCHOL,Normoglycemia,OtherDiagnosis,Noinflammatorycells,None,GIPanel,Normal,Normal,Noantibiotics,GBAUSPLUS,N,Y,Y,N,N,N,N,PancAUSNEG,N,N,N,N,N,ITAUSPLUS,N,Y,muscularis,N,HepAUSNEG,N,N,GBAUSPLUS-HepAUSNEG,NodeAUSPLUS,gastric.hepatic.pancreaticoduodenal.colic,ITAUSPLUS-NodeAUSPLUS,N,NormalLE,Normal,InflammPLUS,InflammPLUS-BacteriaNEG,ELENEG-BacteriaNEG,GBAUSPLUS-BacteriaNEG,InflammPLUS-ELENEG-BacteriaNEG,InflammPLUS-GBAUSPLUS-BacteriaNEG,ELENEG-GBAUSPLUS-BacteriaNEG,InflammPLUS-ELENEG-GBAUSPLUS-BacteriaNEG,InflammPLUS-ELENEG,InflammPLUS-GBAUSPLUS,ELENEG-GBAUSPLUS,InflammPLUS-ELENEG-GBAUSPLUS,InflammPLUS-PancAUSNEG,fPLiNEG-PancAUSNEG,InflammPLUS-fPLiNEG-PancAUSNEG,LowB12-FolateNEG-ITAUSPLUS,LowB12-FolateNEG-ITAUSPLUS-NodeAUSPLUS,NA
3,67.87684548,50.9754713,716-516,716,516,Positive,NA,201243,NA,Bactibilia,E.coli,BacteriaPLUS,Junior,MC,Snowshoe,Patient,Hyperthermic,NormalPCV,NormalPP,Clumps,NormalWBC,NormalSEG,BandNeutrophilia,Lymphopenia,NormalMONO,NormalEOS,NormalBUN,NormalCREAT,ElevatedALT,NormalALP,ElevatedGGT,ElevatedAST,HighCK,Hyperbilirubinemia,NormalALB,NormalGLOB,NormalCHOL,Normoglycemia,Cholangitis,Noinflammatorycells,Single,NoGIPanel,Notperformed,Notperformed,Noantibiotics,GBAUSPLUS,Y,Y,Y,Y,Y,N,N,PancAUSPLUS,Y,N,Y,N,N,ITAUSPLUS,N,Y,muscularis,N,HepAUSNEG,N,N,GBAUSPLUS-HepAUSNEG,NodeAUSNEG,NA,ITAUSPLUS-NodeAUSNEG,N,ElevatedLEActivity,Hepatocellular,InflammPLUS,InflammPLUS-BacteriaPLUS,ELEPLUS-BacteriaPLUS,GBAUSPLUS-BacteriaPLUS,InflammPLUS-ELEPLUS-BacteriaPLUS,InflammPLUS-GBAUSPLUS-BacteriaPLUS,ELEPLUS-GBAUSPLUS-BacteriaPLUS,InflammPLUS-ELEPLUS-GBAUSPLUS-BacteriaPLUS,InflammPLUS-ELEPLUS,InflammPLUS-GBAUSPLUS,ELEPLUS-GBAUSPLUS,InflammPLUS-ELEPLUS-GBAUSPLUS,InflammPLUS-PancAUSNEG,NA,NA,NA,NA,NA
4,ND,1.002360252,716-517,716,517,Positive,NA,201951,NA,Nobactibilia,Noculturedorganisms,BacteriaNEG,Mature,FS,DSH,Patient,Normothermic,Anemic,NormalPP,NormalPLT,Leukocytosis,SegmentedNeutrophilia,BandNeutrophilia,NormalLYMPH,NormalMONO,NormalEOS,NormalBUN,NormalCREAT,NormalALT,NormalALP,NormalGGT,ElevatedAST,HighCK,NormalTBILI,Hypoalbuminemia,NormalGLOB,NormalCHOL,Normoglycemia,Cholangitis,Noinflammatorycells,None,GIPanel,Normal,Low,Noantibiotics,GBAUSPLUS,N,N,Y,N,N,N,N,PancAUSNEG,N,N,N,N,N,ITAUSPLUS,N,Y,muscularis,N,HepAUSNEG,N,N,GBAUSPLUS-HepAUSNEG,NodeAUSPLUS,jejunal,ITAUSPLUS-NodeAUSPLUS,Y,NormalLE,Normal,InflammPLUS,InflammPLUS-BacteriaNEG,ELENEG-BacteriaNEG,GBAUSPLUS-BacteriaNEG,InflammPLUS-ELENEG-BacteriaNEG,InflammPLUS-GBAUSPLUS-BacteriaNEG,ELENEG-GBAUSPLUS-BacteriaNEG,InflammPLUS-ELENEG-GBAUSPLUS-BacteriaNEG,InflammPLUS-ELENEG,InflammPLUS-GBAUSPLUS,ELENEG-GBAUSPLUS,InflammPLUS-ELENEG-GBAUSPLUS,InflammPLUS-PancAUSNEG,fPLiNEG-PancAUSNEG,InflammPLUS-fPLiNEG-PancAUSNEG,LowB12-FolatePLUS-ITAUSPLUS,LowB12-FolatePLUS-ITAUSPLUS-NodeAUSPLUS,NA
5,0.191772185,12.21505184,716-518,716,518,Positive,NA,147063,NA,NA,Noculturedorganisms,BacteriaNEG,Mature,FS,DSH,Patient,Normothermic,NormalPCV,NormalPP,Thrombocytosis,NormalWBC,SegmentedNeutrophilia,NormalBAND,NormalLYMPH,Monocytosis,NormalEOS,NormalBUN,NormalCREAT,ElevatedALT,ElevatedALP,NormalGGT,ElevatedAST,NormalCK,Hyperbilirubinemia,Hypoalbuminemia,Hyperglobulinemia,NormalCHOL,Normoglycemia,OtherDiagnosis,Nocytologyperformed,None,NoGIPanel,Notperformed,Notperformed,Noantibiotics,GBAUSPLUS,N,N,Y,N,N,N,N,PancAUSPLUS,N,N,N,N,Y,ITAUSNEG,N,N,none,N,HepAUSNEG,N,N,GBAUSPLUS-HepAUSNEG,NodeAUSPLUS,pancreaticoduodenal,ITAUSNEG-NodeAUSPLUS,N,ElevatedLEActivity,Cholestatic,InflammPLUS,InflammPLUS-BacteriaNEG,ELEPLUS-BacteriaNEG,GBAUSPLUS-BacteriaNEG,InflammPLUS-ELEPLUS-BacteriaNEG,InflammPLUS-GBAUSPLUS-BacteriaNEG,ELEPLUS-GBAUSPLUS-BacteriaNEG,InflammPLUS-ELEPLUS-GBAUSPLUS-BacteriaNEG,InflammPLUS-ELEPLUS,InflammPLUS-GBAUSPLUS,ELEPLUS-GBAUSPLUS,InflammPLUS-ELEPLUS-GBAUSPLUS,InflammPLUS-PancAUSPLUS,NA,NA,NA,NA,NA
6,106.2785688,58.54172269,716-520,716,520,Positive,NA,204315,NA,Bactibilia,E.coli.Streptococcus,BacteriaPLUS,Senior,MC,DSH,Patient,Hyperthermic,Anemic,NormalPP,NormalPLT,NormalWBC,SegmentedNeutrophilia,BandNeutrophilia,NormalLYMPH,NormalMONO,NormalEOS,NormalBUN,HighCREAT,ElevatedALT,LowALP,NormalGGT,ElevatedAST,HighCK,Hyperbilirubinemia,Hypoalbuminemia,NormalGLOB,NormalCHOL,Normoglycemia,Cholangitis,Inflammatorycells,Multiple,NoGIPanel,Notperformed,Notperformed,Noantibiotics,GBAUSPLUS,Y,Y,Y,Y,N,Y,N,PancAUSNEG,N,N,N,N,N,ITAUSNEG,N,N,none,N,HepAUSNEG,N,N,GBAUSPLUS-HepAUSNEG,NodeAUSNEG,NA,ITAUSNEG-NodeAUSNEG,N,ElevatedLEActivity,Hepatocellular,InflammPLUS,InflammPLUS-BacteriaPLUS,ELEPLUS-BacteriaPLUS,GBAUSPLUS-BacteriaPLUS,InflammPLUS-ELEPLUS-BacteriaPLUS,InflammPLUS-GBAUSPLUS-BacteriaPLUS,ELEPLUS-GBAUSPLUS-BacteriaPLUS,InflammPLUS-ELEPLUS-GBAUSPLUS-BacteriaPLUS,InflammPLUS-ELEPLUS,InflammPLUS-GBAUSPLUS,ELEPLUS-GBAUSPLUS,InflammPLUS-ELEPLUS-GBAUSPLUS,InflammPLUS-PancAUSNEG,NA,NA,NA,NA,NA
7,95.65491515,64.59173613,716-521,716,521,Positive,NA,206066,NA,Bactibilia,E.coli,BacteriaPLUS,Mature,FS,DSH,Patient,Normothermic,NormalPCV,NormalPP,NormalPLT,Leukocytosis,SegmentedNeutrophilia,NormalBAND,Lymphocytosis,NormalMONO,Eosinophilia,NormalBUN,NormalCREAT,ElevatedALT,ElevatedALP,ElevatedGGT,ElevatedAST,NormalCK,Hyperbilirubinemia,NormalALB,NormalGLOB,NormalCHOL,Normoglycemia,Cholangitis,Inflammatorycells,Single,NoGIPanel,Notperformed,Notperformed,Noantibiotics,GBAUSPLUS,N,N,Y,Y,Y,N,N,PancAUSNEG,N,N,N,N,N,ITAUSNEG,N,N,none,N,HepAUSNEG,N,N,GBAUSPLUS-HepAUSNEG,NodeAUSNEG,NA,ITAUSNEG-NodeAUSNEG,N,ElevatedLEActivity,Cholestatic,InflammPLUS,InflammPLUS-BacteriaPLUS,ELEPLUS-BacteriaNEG,GBAUSPLUS-BacteriaPLUS,InflammPLUS-ELEPLUS-BacteriaPLUS,InflammPLUS-GBAUSPLUS-BacteriaPLUS,ELEPLUS-GBAUSPLUS-BacteriaPLUS,InflammPLUS-ELEPLUS-GBAUSPLUS-BacteriaPLUS,InflammPLUS-ELEPLUS,InflammPLUS-GBAUSPLUS,ELEPLUS-GBAUSPLUS,InflammPLUS-ELEPLUS-GBAUSPLUS,InflammPLUS-PancAUSNEG,NA,NA,NA,NA,NA
8,0.010508065,18.53843626,716-522,716,522,Positive,NA,207367,NA,Nobactibilia,Noculturedorganisms,BacteriaNEG,Senior,FS,DLH,Patient,Normothermic,Anemic,NormalPP,NormalPLT,Leukocytosis,SegmentedNeutrophilia,BandNeutrophilia,NormalLYMPH,Monocytosis,NormalEOS,NormalBUN,NormalCREAT,ElevatedALT,ElevatedALP,NormalGGT,ElevatedAST,NormalCK,NormalTBILI,NormalALB,NormalGLOB,NormalCHOL,Hyperglycemia,Cholangitis,Inflammatorycells,None,GIPanel,Normal,Low,Current-previousantibioticusage,GBAUSPLUS,N,N,Y,N,Y,N,N,PancAUSPLUS,N,Y,N,Y,N,ITAUSNEG,N,N,none,N,HepAUSPLUS,N,Y,GBAUSPLUS-HepAUSPLUS,NodeAUSNEG,NA,ITAUSNEG-NodeAUSNEG,Y,ElevatedLEActivity,Mixed,InflammPLUS,InflammPLUS-BacteriaNEG,ELEPLUS-BacteriaNEG,GBAUSPLUS-BacteriaNEG,InflammPLUS-ELEPLUS-BacteriaNEG,InflammPLUS-GBAUSPLUS-BacteriaNEG,ELEPLUS-GBAUSPLUS-BacteriaNEG,InflammPLUS-ELEPLUS-GBAUSPLUS-BacteriaNEG,InflammPLUS-ELEPLUS,InflammPLUS-GBAUSPLUS,ELEPLUS-GBAUSPLUS,InflammPLUS-ELEPLUS-GBAUSPLUS,InflammPLUS-PancAUSPLUS,fPLiNEG-PancAUSNEG,InflammPLUS-fPLiNEG-PancAUSNEG,LowB12-FolatePLUS-ITAUSNEG,LowB12-FolatePLUS-ITAUSNEG-NodeAUSNEG,NA
9,0.002627016,7.246571659,718-513,718,513,Positive,NA,210187,NA,Nobactibilia,Noculturedorganisms,BacteriaNEG,Junior,MC,DSH,Patient,Normothermic,Anemic,LowPP,NormalPLT,Leukocytosis,SegmentedNeutrophilia,BandNeutrophilia,NormalLYMPH,Monocytosis,NormalEOS,HighBUN,NormalCREAT,NormalALT,NormalALP,NormalGGT,ElevatedAST,HighCK,Hyperbilirubinemia,Hypoalbuminemia,Hypoglobulinemia,Hypocholesterolemia,Hypoglycemia,OtherDiagnosis,Noinflammatorycells,None,NoGIPanel,Notperformed,Notperformed,Noantibiotics,GBAUSPLUS,N,N,Y,Y,N,N,N,PancAUSPLUS,Y,N,N,N,N,ITAUSNEG,N,N,hyperechoicmucosa,N,HepAUSPLUS,N,Y,GBAUSPLUS-HepAUSPLUS,NodeAUSPLUS,jejunal,ITAUSNEG-NodeAUSPLUS,N,NormalLE,Normal,InflammPLUS,InflammPLUS-BacteriaNEG,ELENEG-BacteriaNEG,GBAUSPLUS-BacteriaNEG,InflammPLUS-ELENEG-BacteriaNEG,InflammPLUS-GBAUSPLUS-BacteriaNEG,ELENEG-GBAUSPLUS-BacteriaNEG,InflammPLUS-ELENEG-GBAUSPLUS-BacteriaNEG,InflammPLUS-ELENEG,InflammPLUS-GBAUSPLUS,ELENEG-GBAUSPLUS,InflammPLUS-ELENEG-GBAUSPLUS,InflammPLUS-PancAUSPLUS,NA,NA,NA,NA,NA
10,104.4606736,59.62026829,718-515,718,515,Positive,NA,181811,NA,Bactibilia,E.coli,BacteriaPLUS,Senior,MC,DLH,Patient,Hyperthermic,NormalPCV,NormalPP,NormalPLT,Leukocytosis,SegmentedNeutrophilia,BandNeutrophilia,NormalLYMPH,NormalMONO,NormalEOS,HighBUN,NormalCREAT,ElevatedALT,NormalALP,NormalGGT,ElevatedAST,HighCK,Hyperbilirubinemia,Hypoalbuminemia,Hypoglobulinemia,NormalCHOL,Hyperglycemia,Cholangitis,Inflammatorycells,Single,NoGIPanel,Notperformed,Notperformed,Noantibiotics,GBAUSPLUS,N,N,N,Y,N,Y,N,PancAUSPLUS,Y,N,Y,Y,N,ITAUSNEG,N,N,none,N,HepAUSNEG,N,N,GBAUSPLUS-HepAUSNEG,NodeAUSNEG,NA,ITAUSNEG-NodeAUSNEG,N,ElevatedLEActivity,Hepatocellular,InflammPLUS,InflammPLUS-BacteriaPLUS,ELEPLUS-BacteriaPLUS,GBAUSPLUS-BacteriaPLUS,InflammPLUS-ELEPLUS-BacteriaPLUS,InflammPLUS-GBAUSPLUS-BacteriaPLUS,ELEPLUS-GBAUSPLUS-BacteriaPLUS,InflammPLUS-ELEPLUS-GBAUSPLUS-BacteriaPLUS,InflammPLUS-ELEPLUS,InflammPLUS-GBAUSPLUS,ELEPLUS-GBAUSPLUS,InflammPLUS-ELEPLUS-GBAUSPLUS,InflammPLUS-PancAUSPLUS,NA,NA,NA,NA,NA
11,ND,3.159451465,718-516,718,516,Positive,NA,211476,NA,Nobactibilia,Noculturedorganisms,BacteriaNEG,Senior,FS,DLH,Patient,Normothermic,NormalPCV,NormalPP,NormalPLT,Leukocytosis,SegmentedNeutrophilia,NormalBAND,NormalLYMPH,NormalMONO,Eosinophilia,NormalBUN,NormalCREAT,NormalALT,NormalALP,NormalGGT,NormalAST,NormalCK,NormalTBILI,NormalALB,NormalGLOB,NormalCHOL,Normoglycemia,OtherDiagnosis,Noinflammatorycells,None,NoGIPanel,Notperformed,Notperformed,Noantibiotics,GBAUSPLUS,N,N,Y,N,N,N,N,PancAUSNEG,N,N,N,N,N,ITAUSPLUS,N,Y,muscularis,N,HepAUSNEG,N,N,GBAUSPLUS-HepAUSNEG,NodeAUSNEG,NA,ITAUSPLUS-NodeAUSNEG,Y,NormalLE,Normal,InflammPLUS,InflammPLUS-BacteriaNEG,ELENEG-BacteriaNEG,GBAUSPLUS-BacteriaNEG,InflammPLUS-ELENEG-BacteriaNEG,InflammPLUS-GBAUSPLUS-BacteriaNEG,ELENEG-GBAUSPLUS-BacteriaNEG,InflammPLUS-ELENEG-GBAUSPLUS-BacteriaNEG,InflammPLUS-ELENEG,InflammPLUS-GBAUSPLUS,ELENEG-GBAUSPLUS,InflammPLUS-ELENEG-GBAUSPLUS,InflammPLUS-PancAUSNEG,NA,NA,NA,NA,NA
12,ND,1.829942338,718-517,718,517,Positive,NA,211769,NA,Nobactibilia,Noculturedorganisms,BacteriaNEG,Junior,MC,DSH,Patient,Normothermic,Anemic,NormalPP,Thrombocytosis,Leukocytosis,SegmentedNeutrophilia,BandNeutrophilia,NormalLYMPH,Monocytosis,NormalEOS,NormalBUN,NormalCREAT,NormalALT,NormalALP,NormalGGT,NormalAST,NormalCK,NormalTBILI,NormalALB,NormalGLOB,NormalCHOL,Normoglycemia,OtherDiagnosis,Noinflammatorycells,None,NoGIPanel,Notperformed,Notperformed,Current-previousantibioticusage,GBAUSPLUS,N,N,Y,N,N,N,N,PancAUSPLUS,Y,N,Y,Y,N,ITAUSPLUS,N,Y,muscularis,N,HepAUSNEG,N,N,GBAUSPLUS-HepAUSNEG,NodeAUSPLUS,jejunal.colonic,ITAUSPLUS-NodeAUSPLUS,Y,NormalLE,Normal,InflammPLUS,InflammPLUS-BacteriaNEG,ELENEG-BacteriaNEG,GBAUSPLUS-BacteriaNEG,InflammPLUS-ELENEG-BacteriaNEG,InflammPLUS-GBAUSPLUS-BacteriaNEG,ELENEG-GBAUSPLUS-BacteriaNEG,InflammPLUS-ELENEG-GBAUSPLUS-BacteriaNEG,InflammPLUS-ELENEG,InflammPLUS-GBAUSPLUS,ELENEG-GBAUSPLUS,InflammPLUS-ELENEG-GBAUSPLUS,InflammPLUS-PancAUSPLUS,NA,NA,NA,NA,NA
13,ND,1.083027098,718-518,718,518,Positive,NA,181217,NA,Nobactibilia,Noculturedorganisms,BacteriaNEG,Geriatric,FS,DSH,Patient,Normothermic,NA,NA,NA,NA,NA,NA,NA,NA,NA,NA,NA,NA,NA,NA,NA,NA,NA,NA,NA,NA,NA,OtherDiagnosis,Noinflammatorycells,None,NoGIPanel,Notperformed,Notperformed,Noantibiotics,GBAUSPLUS,N,N,Y,N,N,N,N,PancAUSNEG,N,N,N,N,N,ITAUSNEG,N,N,none,N,HepAUSNEG,N,N,GBAUSPLUS-HepAUSNEG,NodeAUSNEG,NA,ITAUSNEG-NodeAUSNEG,N,NA,NA,NA,NA,NA,GBAUSPLUS-BacteriaNEG,NA,NA,NA,NA,NA,NA,NA,NA,NA,NA,NA,NA,NA,NA
14,0.002627016,1.520719429,718-520,718,520,Positive,NA,214766,NA,Nobactibilia,Noculturedorganisms,BacteriaNEG,Senior,FS,DSH,Patient,Normothermic,Anemic,NormalPP,Thrombocytosis,NormalWBC,SegmentedNeutrophilia,NormalBAND,NormalLYMPH,Monocytosis,NormalEOS,LowBUN,NormalCREAT,ElevatedALT,ElevatedALP,ElevatedGGT,ElevatedAST,NormalCK,Hyperbilirubinemia,NormalALB,NormalGLOB,NormalCHOL,Hyperglycemia,Cholangitis,Noinflammatorycells,None,NoGIPanel,Notperformed,Notperformed,Noantibiotics,GBAUSPLUS,Y,Y,N,N,N,N,N,PancAUSPLUS,Y,Y,Y,Y,N,ITAUSPLUS,N,Y,muscularis,N,HepAUSPLUS,N,Y,GBAUSPLUS-HepAUSPLUS,NodeAUSNEG,NA,ITAUSPLUS-NodeAUSNEG,N,ElevatedLEActivity,Cholestatic,InflammPLUS,InflammPLUS-BacteriaNEG,ELEPLUS-BacteriaNEG,GBAUSPLUS-BacteriaNEG,InflammPLUS-ELEPLUS-BacteriaNEG,InflammPLUS-GBAUSPLUS-BacteriaNEG,ELEPLUS-GBAUSPLUS-BacteriaNEG,InflammPLUS-ELEPLUS-GBAUSPLUS-BacteriaNEG,InflammPLUS-ELEPLUS,InflammPLUS-GBAUSPLUS,ELEPLUS-GBAUSPLUS,InflammPLUS-ELEPLUS-GBAUSPLUS,InflammPLUS-PancAUSPLUS,NA,NA,NA,NA,NA
15,ND,2.39610409,718-521,718,521,Positive,NA,213709,NA,Nobactibilia,Noculturedorganisms,BacteriaNEG,Junior,FS,DSH,Patient,Normothermic,NormalPCV,NormalPP,NormalPLT,Leukocytosis,SegmentedNeutrophilia,BandNeutrophilia,NormalLYMPH,NormalMONO,NormalEOS,HighBUN,NormalCREAT,ElevatedALT,NormalALP,NormalGGT,NormalAST,NormalCK,NormalTBILI,NormalALB,NormalGLOB,Hypocholesterolemia,Hyperglycemia,OtherDiagnosis,Noinflammatorycells,None,GIPanel,Normal,Normal,Noantibiotics,GBAUSPLUS,N,N,Y,N,N,N,N,PancAUSPLUS,Y,N,N,N,N,ITAUSPLUS,N,Y,allgastricwalllayers,N,HepAUSNEG,N,N,GBAUSPLUS-HepAUSNEG,NodeAUSPLUS,jejunal.colonic.aortic,ITAUSPLUS-NodeAUSPLUS,N,ElevatedLEActivity,Hepatocellular,InflammPLUS,InflammPLUS-BacteriaNEG,ELEPLUS-BacteriaNEG,GBAUSPLUS-BacteriaNEG,InflammPLUS-ELEPLUS-BacteriaNEG,InflammPLUS-GBAUSPLUS-BacteriaNEG,ELEPLUS-GBAUSPLUS-BacteriaNEG,InflammPLUS-ELEPLUS-GBAUSPLUS-BacteriaNEG,InflammPLUS-ELEPLUS,InflammPLUS-GBAUSPLUS,ELEPLUS-GBAUSPLUS,InflammPLUS-ELEPLUS-GBAUSPLUS,InflammPLUS-PancAUSPLUS,fPLiNEG-PancAUSNEG,InflammPLUS-fPLiNEG-PancAUSNEG,LowB12-FolateNEG-ITAUSPLUS,LowB12-FolateNEG-ITAUSPLUS-NodeAUSPLUS,NA
16,ND,15.61650384,718-522,718,522,Positive,NA,216273,NA,Nobactibilia,Noculturedorganisms,BacteriaNEG,Senior,FS,DMH,Patient,Normothermic,NormalPCV,LowPP,NormalPLT,NormalWBC,NormalSEG,NormalBAND,NormalLYMPH,NormalMONO,Eosinophilia,NormalBUN,NormalCREAT,NormalALT,NormalALP,NormalGGT,NormalAST,NormalCK,NormalTBILI,NormalALB,NormalGLOB,Hypocholesterolemia,Normoglycemia,OtherDiagnosis,Noinflammatorycells,None,GIPanel,Normal,Low,Noantibiotics,GBAUSPLUS,N,N,Y,N,N,N,N,PancAUSNEG,N,N,N,N,N,ITAUSPLUS,N,Y,muscularis,Y,HepAUSPLUS,Y,N,GBAUSPLUS-HepAUSPLUS,NodeAUSPLUS,jejunal,ITAUSPLUS-NodeAUSPLUS,Y,NormalLE,Normal,InflammNEG,InflammNEG-BacteriaNEG,ELENEG-BacteriaNEG,GBAUSPLUS-BacteriaNEG,InflammNEG-ELENEG-BacteriaNEG,InflammNEG-GBAUSPLUS-BacteriaNEG,ELENEG-GBAUSPLUS-BacteriaNEG,InflammNEG-ELENEG-GBAUSPLUS-BacteriaNEG,InflammNEG-ELENEG,InflammNEG-GBAUSPLUS,ELENEG-GBAUSPLUS,InflammNEG-ELENEG-GBAUSPLUS,InflammNEG-PancAUSNEG,fPLiNEG-PancAUSNEG,InflammNEG-fPLiNEG-PancAUSNEG,LowB12-FolatePLUS-ITAUSPLUS,LowB12-FolatePLUS-ITAUSPLUS-NodeAUSPLUS,NA
17,ND,5.951420633,719-513,719,513,Positive,NA,192843,NA,Nobactibilia,Noculturedorganisms,BacteriaNEG,Geriatric,MC,DSH,Patient,Hyperthermic,Anemic,LowPP,NormalPLT,NormalWBC,SegmentedNeutrophilia,BandNeutrophilia,Lymphopenia,NormalMONO,Eosinophilia,NormalBUN,NormalCREAT,ElevatedALT,NormalALP,NormalGGT,ElevatedAST,HighCK,Hyperbilirubinemia,Hypoalbuminemia,NormalGLOB,Hypocholesterolemia,Normoglycemia,Cholangitis,Noinflammatorycells,None,GIPanel,ElevatedfPLi,Low,Noantibiotics,GBAUSPLUS,N,N,Y,Y,N,N,N,PancAUSNEG,N,N,N,N,N,ITAUSPLUS,N,Y,alllayershyperechoic,N,HepAUSPLUS,N,Y,GBAUSPLUS-HepAUSPLUS,NodeAUSNEG,NA,ITAUSPLUS-NodeAUSNEG,N,ElevatedLEActivity,Hepatocellular,InflammPLUS,InflammPLUS-BacteriaNEG,ELEPLUS-BacteriaNEG,GBAUSPLUS-BacteriaNEG,InflammPLUS-ELEPLUS-BacteriaNEG,InflammPLUS-GBAUSPLUS-BacteriaNEG,ELEPLUS-GBAUSPLUS-BacteriaNEG,InflammPLUS-ELEPLUS-GBAUSPLUS-BacteriaNEG,InflammPLUS-ELEPLUS,InflammPLUS-GBAUSPLUS,ELEPLUS-GBAUSPLUS,InflammPLUS-ELEPLUS-GBAUSPLUS,InflammPLUS-PancAUSNEG,fPLiPLUS-PancAUSNEG,InflammPLUS-fPLiPLUS-PancAUSNEG,LowB12-FolatePLUS-ITAUSPLUS,LowB12-FolatePLUS-ITAUSPLUS-NodeAUSNEG,NA
18,0.002627016,3.383526037,719-515,719,515,Positive,NA,221801,NA,Nobactibilia,Peptostreptococcus,BacteriaPLUS,Mature,FS,DSH,Patient,Normothermic,Anemic,NormalPP,Thrombocytosis,NormalWBC,NormalSEG,NormalBAND,NormalLYMPH,NormalMONO,Eosinopenia,LowBUN,NormalCREAT,ElevatedALT,ElevatedALP,ElevatedGGT,ElevatedAST,NormalCK,Hyperbilirubinemia,NormalALB,NormalGLOB,NormalCHOL,Normoglycemia,Cholangitis,Noinflammatorycells,Single,NoGIPanel,Notperformed,Notperformed,Noantibiotics,GBAUSPLUS,Y,Y,Y,Y,N,N,N,PancAUSPLUS,N,Y,N,N,N,ITAUSPLUS,N,Y,muscularis,N,HepAUSPLUS,N,Y,GBAUSPLUS-HepAUSPLUS,NodeAUSPLUS,colonic,ITAUSPLUS-NodeAUSPLUS,N,ElevatedLEActivity,Cholestatic,InflammNEG,InflammNEG-BacteriaPLUS,ELEPLUS-BacteriaPLUS,GBAUSPLUS-BacteriaPLUS,InflammNEG-ELEPLUS-BacteriaPLUS,InflammNEG-GBAUSPLUS-BacteriaPLUS,ELEPLUS-GBAUSPLUS-BacteriaPLUS,InflammNEG-ELEPLUS-GBAUSPLUS-BacteriaPLUS,InflammNEG-ELEPLUS,InflammNEG-GBAUSPLUS,ELEPLUS-GBAUSPLUS,InflammNEG-ELEPLUS-GBAUSPLUS,InflammNEG-PancAUSNEG,NA,NA,NA,NA,NA
19,106.6805023,29.86316513,719-516,719,516,Positive,NA,222116,NA,Bactibilia,E.coli,BacteriaPLUS,Mature,FS,MaineCoone,Patient,Normothermic,Anemic,HighPP,NormalPLT,NormalWBC,NormalSEG,BandNeutrophilia,NormalLYMPH,NormalMONO,NormalEOS,LowBUN,NormalCREAT,ElevatedALT,NormalALP,NormalGGT,NormalAST,NormalCK,Hyperbilirubinemia,NormalALB,NormalGLOB,Hypercholesterolemia,Normoglycemia,Cholangitis,Inflammatorycells,Single,NoGIPanel,Notperformed,Notperformed,Noantibiotics,GBAUSPLUS,Y,Y,Y,N,Y,N,N,PancAUSPLUS,Y,N,Y,N,N,ITAUSPLUS,N,Y,muscularis,N,HepAUSNEG,N,N,GBAUSPLUS-HepAUSNEG,NodeAUSNEG,NA,ITAUSPLUS-NodeAUSNEG,N,ElevatedLEActivity,Hepatocellular,InflammPLUS,InflammPLUS-BacteriaPLUS,ELEPLUS-BacteriaPLUS,GBAUSPLUS-BacteriaPLUS,InflammPLUS-ELEPLUS-BacteriaPLUS,InflammPLUS-GBAUSPLUS-BacteriaPLUS,ELEPLUS-GBAUSPLUS-BacteriaPLUS,InflammPLUS-ELEPLUS-GBAUSPLUS-BacteriaPLUS,InflammPLUS-ELEPLUS,InflammPLUS-GBAUSPLUS,ELEPLUS-GBAUSPLUS,InflammPLUS-ELEPLUS-GBAUSPLUS,InflammPLUS-PancAUSNEG,NA,NA,NA,NA,NA
20,ND,1.074064115,719-517,719,517,Positive,NA,233401,NA,Nobactibilia,Nocultureperformed,BacteriaNEG,Mature,MC,NorweiganForest,Patient,Normothermic,Anemic,LowPP,Thrombocytopenia,NormalWBC,SegmentedNeutrophilia,BandNeutrophilia,NormalLYMPH,NormalMONO,NormalEOS,HighBUN,NormalCREAT,LowALT,LowALP,NormalGGT,NormalAST,NormalCK,NormalTBILI,Hypoalbuminemia,Hypoglobulinemia,Hypocholesterolemia,Normoglycemia,OtherDiagnosis,Noinflammatorycells,Noculture,NoGIPanel,Notperformed,Notperformed,Currentantibioticusage,GBAUSNEG,N,N,N,N,N,N,N,PancAUSPLUS,N,N,N,N,Y,ITAUSNEG,N,N,none,N,HepAUSPLUS,Y,N,GBAUSNEG-HepAUSPLUS,NodeAUSPLUS,jejunalandcolonic,ITAUSNEG-NodeAUSPLUS,N,NormalLE,Normal,InflammPLUS,InflammPLUS-BacteriaNEG,ELENEG-BacteriaNEG,GBAUSNEG-BacteriaNEG,InflammPLUS-ELENEG-BacteriaNEG,InflammPLUS-GBAUSNEG-BacteriaNEG,ELENEG-GBAUSNEG-BacteriaNEG,InflammPLUS-ELENEG-GBAUSNEG-BacteriaNEG,InflammPLUS-ELENEG,InflammPLUS-GBAUSNEG,ELENEG-GBAUSNEG,InflammPLUS-ELENEG-GBAUSNEG,InflammPLUS-PancAUSPLUS,NA,NA,NA,NA,NA
21,ND,3.940724807,719-518,719,518,Positive,NA,222671,NA,Nobactibilia,Noculturedorganisms,BacteriaNEG,Prime,FS,AustralianMist,Patient,Normothermic,Anemic,NormalPP,Thrombocytopenia,NormalWBC,NormalSEG,NormalBAND,NormalLYMPH,NormalMONO,NormalEOS,NormalBUN,NormalCREAT,ElevatedALT,NormalALP,NormalGGT,NormalAST,NormalCK,NormalTBILI,NormalALB,NormalGLOB,NormalCHOL,Normoglycemia,OtherDiagnosis,Noinflammatorycells,None,NoGIPanel,Notperformed,Notperformed,Noantibiotics,GBAUSPLUS,N,N,Y,N,N,N,N,PancAUSNEG,N,N,N,N,N,NA,NA,NA,NA,NA,NA,NA,NA,NA,NA,NA,NA,NA,ElevatedLEActivity,Hepatocellular,InflammNEG,InflammNEG-BacteriaNEG,ELEPLUS-BacteriaNEG,GBAUSPLUS-BacteriaNEG,InflammNEG-ELEPLUS-BacteriaNEG,InflammNEG-GBAUSPLUS-BacteriaNEG,ELEPLUS-GBAUSPLUS-BacteriaNEG,InflammNEG-ELEPLUS-GBAUSPLUS-BacteriaNEG,InflammNEG-ELEPLUS,InflammNEG-GBAUSPLUS,ELEPLUS-GBAUSPLUS,InflammNEG-ELEPLUS-GBAUSPLUS,InflammNEG-PancAUSNEG,NA,NA,NA,NA,NA
22,0.091945568,7.428818978,719-520,719,520,Positive,NA,224065,NA,Nobactibilia,Noculturedorganisms,BacteriaNEG,Mature,FS,DMH,Patient,Normothermic,NormalPCV,LowPP,NormalPLT,NormalWBC,SegmentedNeutrophilia,NormalBAND,NormalLYMPH,NormalMONO,NormalEOS,LowBUN,NormalCREAT,ElevatedALT,ElevatedALP,NormalGGT,ElevatedAST,HighCK,Hyperbilirubinemia,Hypoalbuminemia,NormalGLOB,NormalCHOL,Hypoglycemia,Cholangitis,Noinflammatorycells,None,GIPanel,ElevatedfPLi,Low,Noantibiotics,GBAUSPLUS,Y,Y,Y,N,N,N,N,PancAUSNEG,N,N,N,N,N,ITAUSPLUS,N,Y,muscularis,N,HepAUSNEG,N,N,GBAUSPLUS-HepAUSNEG,NodeAUSNEG,NA,ITAUSPLUS-NodeAUSNEG,N,ElevatedLEActivity,Cholestatic,InflammPLUS,InflammPLUS-BacteriaNEG,ELEPLUS-BacteriaNEG,GBAUSPLUS-BacteriaNEG,InflammPLUS-ELEPLUS-BacteriaNEG,InflammPLUS-GBAUSPLUS-BacteriaNEG,ELEPLUS-GBAUSPLUS-BacteriaNEG,InflammPLUS-ELEPLUS-GBAUSPLUS-BacteriaNEG,InflammPLUS-ELEPLUS,InflammPLUS-GBAUSPLUS,ELEPLUS-GBAUSPLUS,InflammPLUS-ELEPLUS-GBAUSPLUS,InflammPLUS-PancAUSNEG,fPLiPLUS-PancAUSNEG,InflammPLUS-fPLiPLUS-PancAUSNEG,LowB12-FolatePLUS-ITAUSPLUS,LowB12-FolatePLUS-ITAUSPLUS-NodeAUSNEG,NA
23,ND,0.867915509,719-521,719,521,Positive,NA,228244,NA,Nobactibilia,Noculturedorganisms,BacteriaNEG,Mature,FS,Ocicat,Patient,Hyperthermic,Anemic,NormalPP,Thrombocytosis,Leukocytosis,SegmentedNeutrophilia,BandNeutrophilia,NormalLYMPH,NormalMONO,Eosinophilia,NormalBUN,NormalCREAT,NormalALT,NormalALP,NormalGGT,NormalAST,NormalCK,Hyperbilirubinemia,NormalALB,NormalGLOB,NormalCHOL,Normoglycemia,Cholangitis,Noinflammatorycells,None,NoGIPanel,Notperformed,Notperformed,Noantibiotics,GBAUSPLUS,N,N,Y,Y,N,Y,N,PancAUSNEG,N,N,N,N,N,ITAUSNEG,N,N,none,N,HepAUSNEG,N,N,GBAUSPLUS-HepAUSNEG,NodeAUSNEG,NA,ITAUSNEG-NodeAUSNEG,N,NormalLE,Normal,InflammPLUS,InflammPLUS-BacteriaNEG,ELENEG-BacteriaNEG,GBAUSPLUS-BacteriaNEG,InflammPLUS-ELENEG-BacteriaNEG,InflammPLUS-GBAUSPLUS-BacteriaNEG,ELENEG-GBAUSPLUS-BacteriaNEG,InflammPLUS-ELENEG-GBAUSPLUS-BacteriaNEG,InflammPLUS-ELENEG,InflammPLUS-GBAUSPLUS,ELENEG-GBAUSPLUS,InflammPLUS-ELENEG-GBAUSPLUS,InflammPLUS-PancAUSNEG,NA,NA,NA,NA,NA
24,ND,7.53039945,719-522,719,522,Positive,NA,228222,NA,Nobactibilia,Noculturedorganisms,BacteriaNEG,Mature,MC,DSH,Patient,Normothermic,Anemic,NormalPP,Thrombocytopenia,NormalWBC,NormalSEG,BandNeutrophilia,NormalLYMPH,NormalMONO,NormalEOS,NormalBUN,NormalCREAT,NormalALT,LowALP,NormalGGT,ElevatedAST,HighCK,Hyperbilirubinemia,Hypoalbuminemia,NormalGLOB,NormalCHOL,Normoglycemia,OtherDiagnosis,Noinflammatorycells,None,NoGIPanel,Notperformed,Notperformed,Noantibiotics,GBAUSPLUS,N,N,Y,N,N,N,N,PancAUSPLUS,Y,N,N,N,N,ITAUSNEG,N,N,none,N,HepAUSNEG,N,N,GBAUSPLUS-HepAUSNEG,NodeAUSNEG,NA,ITAUSNEG-NodeAUSNEG,N,NormalLE,Normal,InflammPLUS,InflammPLUS-BacteriaNEG,ELENEG-BacteriaNEG,GBAUSPLUS-BacteriaNEG,InflammPLUS-ELENEG-BacteriaNEG,InflammPLUS-GBAUSPLUS-BacteriaNEG,ELENEG-GBAUSPLUS-BacteriaNEG,InflammPLUS-ELENEG-GBAUSPLUS-BacteriaNEG,InflammPLUS-ELENEG,InflammPLUS-GBAUSPLUS,ELENEG-GBAUSPLUS,InflammPLUS-ELENEG-GBAUSPLUS,InflammPLUS-PancAUSNEG,NA,NA,NA,NA,NA
25,0.002627016,5.120850886,720-513,720,513,Positive,NA,228773,NA,Nobactibilia,Staphepidermis,BacteriaPLUS,Mature,FS,DSH,Patient,Normothermic,Anemic,NormalPP,Thrombocytopenia,NormalWBC,NormalSEG,BandNeutrophilia,NormalLYMPH,Monocytosis,NormalEOS,NormalBUN,HighCREAT,ElevatedALT,LowALP,NormalGGT,ElevatedAST,NormalCK,Hyperbilirubinemia,NormalALB,Hyperglobulinemia,NormalCHOL,Normoglycemia,OtherDiagnosis,Noinflammatorycells,Single,NoGIPanel,Notperformed,Notperformed,Noantibiotics,GBAUSPLUS,Y,Y,Y,N,N,N,N,PancAUSNEG,N,N,N,N,N,ITAUSNEG,N,N,none,N,HepAUSNEG,N,N,GBAUSPLUS-HepAUSNEG,NodeAUSNEG,NA,ITAUSNEG-NodeAUSNEG,Y,ElevatedLEActivity,Hepatocellular,InflammPLUS,InflammPLUS-BacteriaPLUS,ELEPLUS-BacteriaPLUS,GBAUSPLUS-BacteriaPLUS,InflammPLUS-ELEPLUS-BacteriaPLUS,InflammPLUS-GBAUSPLUS-BacteriaPLUS,ELEPLUS-GBAUSPLUS-BacteriaPLUS,InflammPLUS-ELEPLUS-GBAUSPLUS-BacteriaPLUS,InflammPLUS-ELEPLUS,InflammPLUS-GBAUSPLUS,ELEPLUS-GBAUSPLUS,InflammPLUS-ELEPLUS-GBAUSPLUS,InflammPLUS-PancAUSNEG,NA,NA,NA,NA,NA
26,0.005254032,6.271100356,720-515,720,515,Positive,NA,231133,NA,Nobactibilia,Nocultureperformed,BacteriaNEG,Geriatric,FS,Himalayan,Patient,Normothermic,Anemic,NormalPP,Clumps,NormalWBC,SegmentedNeutrophilia,BandNeutrophilia,NormalLYMPH,NormalMONO,NormalEOS,HighBUN,NormalCREAT,NormalALT,NormalALP,NormalGGT,ElevatedAST,HighCK,Hyperbilirubinemia,Hypoalbuminemia,NormalGLOB,NormalCHOL,Normoglycemia,Cholangitis,Noinflammatorycells,Noculture,GIPanel,ElevatedfPLi,Low,Noantibiotics,GBAUSPLUS,N,N,Y,Y,N,N,N,PancAUSPLUS,N,N,Y,N,N,ITAUSNEG,N,N,none,N,HepAUSNEG,N,N,GBAUSPLUS-HepAUSNEG,NodeAUSNEG,NA,ITAUSNEG-NodeAUSNEG,N,NormalLE,Normal,InflammPLUS,InflammPLUS-BacteriaNEG,ELENEG-BacteriaNEG,GBAUSPLUS-BacteriaNEG,InflammPLUS-ELENEG-BacteriaNEG,InflammPLUS-GBAUSPLUS-BacteriaNEG,ELENEG-GBAUSPLUS-BacteriaNEG,InflammPLUS-ELENEG-GBAUSPLUS-BacteriaNEG,InflammPLUS-ELENEG,InflammPLUS-GBAUSPLUS,ELENEG-GBAUSPLUS,InflammPLUS-ELENEG-GBAUSPLUS,InflammPLUS-PancAUSPLUS,fPLiPLUS-PancAUSPLUS,InflammPLUS-fPLiPLUS-PancAUSPLUS,LowB12-FolatePLUS-ITAUSNEG,LowB12-FolatePLUS-ITAUSNEG-NodeAUSNEG,NA
27,ND,5.16417197,720-516,720,516,Positive,NA,233980,NA,Nobactibilia,Noculturedorganisms,BacteriaNEG,Prime,MC,DLH,Patient,Normothermic,Anemic,HighPP,Clumps,Leukocytosis,SegmentedNeutrophilia,BandNeutrophilia,NormalLYMPH,Monocytosis,NormalEOS,HighBUN,HighCREAT,ElevatedALT,NormalALP,NormalGGT,NormalAST,NormalCK,Hyperbilirubinemia,NormalALB,NormalGLOB,Hypercholesterolemia,Normoglycemia,OtherDiagnosis,Noinflammatorycells,None,NoGIPanel,Notperformed,Notperformed,Noantibiotics,GBAUSPLUS,N,N,Y,N,N,N,N,PancAUSNEG,N,N,Y,N,N,ITAUSNEG,N,N,none,N,HepAUSPLUS,Y,N,GBAUSPLUS-HepAUSPLUS,NodeAUSNEG,NA,ITAUSNEG-NodeAUSNEG,N,ElevatedLEActivity,Hepatocellular,InflammPLUS,InflammPLUS-BacteriaNEG,ELEPLUS-BacteriaNEG,GBAUSPLUS-BacteriaNEG,InflammPLUS-ELEPLUS-BacteriaNEG,InflammPLUS-GBAUSPLUS-BacteriaNEG,ELEPLUS-GBAUSPLUS-BacteriaNEG,InflammPLUS-ELEPLUS-GBAUSPLUS-BacteriaNEG,InflammPLUS-ELEPLUS,InflammPLUS-GBAUSPLUS,ELEPLUS-GBAUSPLUS,InflammPLUS-ELEPLUS-GBAUSPLUS,InflammPLUS-PancAUSNEG,NA,NA,NA,NA,NA
28,0.320495981,19.02841266,720-517,720,517,Positive,NA,234660,NA,Bactibilia,E.coli.clostridiumspp.,BacteriaPLUS,Prime,MC,DSH,Patient,Normothermic,NormalPCV,HighPP,Clumps,Leukocytosis,SegmentedNeutrophilia,NormalBAND,NormalLYMPH,Monocytosis,NormalEOS,LowBUN,NormalCREAT,ElevatedALT,NormalALP,ElevatedGGT,ElevatedAST,HighCK,Hyperbilirubinemia,NormalALB,NormalGLOB,NormalCHOL,Hyperglycemia,Cholangitis,Inflammatorycells,Multiple,NoGIPanel,Notperformed,Notperformed,Noantibiotics,GBAUSPLUS,Y,Y,Y,Y,Y,N,N,PancAUSPLUS,Y,N,Y,Y,N,ITAUSNEG,N,N,none,N,HepAUSNEG,N,N,GBAUSPLUS-HepAUSNEG,NodeAUSNEG,NA,ITAUSNEG-NodeAUSNEG,N,ElevatedLEActivity,Hepatocellular,InflammPLUS,InflammPLUS-BacteriaPLUS,ELEPLUS-BacteriaPLUS,GBAUSPLUS-BacteriaPLUS,InflammPLUS-ELEPLUS-BacteriaPLUS,InflammPLUS-GBAUSPLUS-BacteriaPLUS,ELEPLUS-GBAUSPLUS-BacteriaPLUS,InflammPLUS-ELEPLUS-GBAUSPLUS-BacteriaPLUS,InflammPLUS-ELEPLUS,InflammPLUS-GBAUSPLUS,ELEPLUS-GBAUSPLUS,InflammPLUS-ELEPLUS-GBAUSPLUS,InflammPLUS-PancAUSPLUS,NA,NA,NA,NA,NA
29,ND,3.474649697,720-518,720,518,Positive,NA,235469,NA,Nobactibilia,Noculturedorganisms,BacteriaNEG,Mature,FS,DMH,Patient,Hyperthermic,Anemic,NormalPP,NormalPLT,NormalWBC,NormalSEG,BandNeutrophilia,Lymphopenia,NormalMONO,NormalEOS,NormalBUN,NormalCREAT,NormalALT,NormalALP,NormalGGT,NormalAST,NormalCK,NormalTBILI,Hypoalbuminemia,NormalGLOB,Hypocholesterolemia,Normoglycemia,OtherDiagnosis,Noinflammatorycells,None,NoGIPanel,Notperformed,Notperformed,Noantibiotics,GBAUSPLUS,N,N,Y,N,N,N,N,PancAUSPLUS,N,Y,N,N,N,ITAUSNEG,N,N,none,N,HepAUSPLUS,N,Y,GBAUSPLUS-HepAUSPLUS,NodeAUSNEG,NA,ITAUSNEG-NodeAUSNEG,N,NormalLE,Normal,InflammPLUS,InflammPLUS-BacteriaNEG,ELENEG-BacteriaNEG,GBAUSPLUS-BacteriaNEG,InflammPLUS-ELENEG-BacteriaNEG,InflammPLUS-GBAUSPLUS-BacteriaNEG,ELENEG-GBAUSPLUS-BacteriaNEG,InflammPLUS-ELENEG-GBAUSPLUS-BacteriaNEG,InflammPLUS-ELENEG,InflammPLUS-GBAUSPLUS,ELENEG-GBAUSPLUS,InflammPLUS-ELENEG-GBAUSPLUS,InflammPLUS-PancAUSNEG,NA,NA,NA,NA,NA
30,ND,3.561291865,720-520,720,520,Positive,NA,237098,NA,Nobactibilia,Noculturedorganisms,BacteriaNEG,Senior,FS,DSH,Patient,Normothermic,Anemic,LowPP,Thrombocytosis,NormalWBC,SegmentedNeutrophilia,NormalBAND,NormalLYMPH,NormalMONO,NormalEOS,LowBUN,NormalCREAT,ElevatedALT,ElevatedALP,NormalGGT,ElevatedAST,NormalCK,NormalTBILI,NormalALB,NormalGLOB,Hypocholesterolemia,Normoglycemia,OtherDiagnosis,Noinflammatorycells,None,NoGIPanel,Notperformed,Notperformed,Noantibiotics,GBAUSPLUS,N,N,Y,N,N,N,N,PancAUSPLUS,N,Y,N,N,N,ITAUSNEG,N,N,none,N,HepAUSPLUS,N,Y,GBAUSPLUS-HepAUSPLUS,NodeAUSNEG,NA,ITAUSNEG-NodeAUSNEG,Y,ElevatedLEActivity,Cholestatic,InflammPLUS,InflammPLUS-BacteriaNEG,ELEPLUS-BacteriaNEG,GBAUSPLUS-BacteriaNEG,InflammPLUS-ELEPLUS-BacteriaNEG,InflammPLUS-GBAUSPLUS-BacteriaNEG,ELEPLUS-GBAUSPLUS-BacteriaNEG,InflammPLUS-ELEPLUS-GBAUSPLUS-BacteriaNEG,InflammPLUS-ELEPLUS,InflammPLUS-GBAUSPLUS,ELEPLUS-GBAUSPLUS,InflammPLUS-ELEPLUS-GBAUSPLUS,InflammPLUS-PancAUSPLUS,NA,NA,NA,NA,NA
31,0.002627016,5.957395955,720-521,720,521,Positive,NA,214379,NA,Nobactibilia,Noculturedorganisms,BacteriaNEG,Geriatric,MC,Ragamuffin,Patient,Normothermic,Anemic,HighPP,Clumps,Leukocytosis,SegmentedNeutrophilia,NormalBAND,NormalLYMPH,Monocytosis,Eosinophilia,HighBUN,HighCREAT,ElevatedALT,ElevatedALP,ElevatedGGT,ElevatedAST,NormalCK,NormalTBILI,Hypoalbuminemia,Hyperglobulinemia,NormalCHOL,Normoglycemia,OtherDiagnosis,Noinflammatorycells,None,GIPanel,Normal,Normal,Noantibiotics,GBAUSPLUS,Y,Y,Y,Y,N,N,N,PancAUSPLUS,Y,N,Y,Y,N,ITAUSPLUS,N,Y,muscularis,N,HepAUSPLUS,N,Y,GBAUSPLUS-HepAUSPLUS,NodeAUSPLUS,jejunal,ITAUSPLUS-NodeAUSPLUS,Y,ElevatedLEActivity,Mixed,InflammPLUS,InflammPLUS-BacteriaNEG,ELEPLUS-BacteriaNEG,GBAUSPLUS-BacteriaNEG,InflammPLUS-ELEPLUS-BacteriaNEG,InflammPLUS-GBAUSPLUS-BacteriaNEG,ELEPLUS-GBAUSPLUS-BacteriaNEG,InflammPLUS-ELEPLUS-GBAUSPLUS-BacteriaNEG,InflammPLUS-ELEPLUS,InflammPLUS-GBAUSPLUS,ELEPLUS-GBAUSPLUS,InflammPLUS-ELEPLUS-GBAUSPLUS,InflammPLUS-PancAUSPLUS,fPLiNEG-PancAUSNEG,InflammPLUS-fPLiNEG-PancAUSNEG,LowB12-FolateNEG-ITAUSPLUS,LowB12-FolateNEG-ITAUSPLUS-NodeAUSPLUS,NA
32,ND,16.3888142,720-522,720,522,Positive,NA,228220,NA,Nobactibilia,Noculturedorganisms,BacteriaNEG,Junior,MC,Siamese,Patient,Normothermic,NormalPCV,NormalPP,Clumps,NormalWBC,SegmentedNeutrophilia,NormalBAND,NormalLYMPH,NormalMONO,Eosinopenia,NormalBUN,NormalCREAT,NormalALT,NormalALP,NormalGGT,ElevatedAST,NormalCK,NormalTBILI,NormalALB,Hyperglobulinemia,Hypocholesterolemia,Normoglycemia,Cholangitis,Noinflammatorycells,None,NoGIPanel,Notperformed,Notperformed,Noantibiotics,GBAUSPLUS,N,Y,Y,N,N,N,N,PancAUSPLUS,Y,N,Y,Y,N,ITAUSPLUS,N,Y,muscularis,N,HepAUSNEG,N,N,GBAUSPLUS-HepAUSNEG,NodeAUSPLUS,jejunal,ITAUSPLUS-NodeAUSPLUS,N,NormalLE,Normal,InflammPLUS,InflammPLUS-BacteriaNEG,ELENEG-BacteriaNEG,GBAUSPLUS-BacteriaNEG,InflammPLUS-ELENEG-BacteriaNEG,InflammPLUS-GBAUSPLUS-BacteriaNEG,ELENEG-GBAUSPLUS-BacteriaNEG,InflammPLUS-ELENEG-GBAUSPLUS-BacteriaNEG,InflammPLUS-ELENEG,InflammPLUS-GBAUSPLUS,ELENEG-GBAUSPLUS,InflammPLUS-ELENEG-GBAUSPLUS,InflammPLUS-PancAUSPLUS,NA,NA,NA,NA,NA
33,ND,2.139165248,721-513,721,513,Positive,NA,239687,NA,Nobactibilia,Noculturedorganisms,BacteriaNEG,Prime,FS,DMH,Patient,Normothermic,NormalPCV,NormalPP,NormalPLT,Leukocytosis,SegmentedNeutrophilia,NormalBAND,Lymphopenia,NormalMONO,NormalEOS,LowBUN,NormalCREAT,NormalALT,LowALP,NormalGGT,NormalAST,HighCK,Hyperbilirubinemia,NormalALB,NormalGLOB,NormalCHOL,Normoglycemia,OtherDiagnosis,Noinflammatorycells,None,NoGIPanel,Notperformed,Notperformed,Noantibiotics,GBAUSPLUS,N,N,Y,N,N,N,N,PancAUSNEG,N,N,N,N,N,ITAUSNEG,N,N,none,N,HepAUSNEG,N,N,GBAUSPLUS-HepAUSNEG,NodeAUSNEG,NA,ITAUSNEG-NodeAUSNEG,Y,NormalLE,Normal,InflammPLUS,InflammPLUS-BacteriaNEG,ELENEG-BacteriaNEG,GBAUSPLUS-BacteriaNEG,InflammPLUS-ELENEG-BacteriaNEG,InflammPLUS-GBAUSPLUS-BacteriaNEG,ELENEG-GBAUSPLUS-BacteriaNEG,InflammPLUS-ELENEG-GBAUSPLUS-BacteriaNEG,InflammPLUS-ELENEG,InflammPLUS-GBAUSPLUS,ELENEG-GBAUSPLUS,InflammPLUS-ELENEG-GBAUSPLUS,InflammPLUS-PancAUSNEG,NA,NA,NA,NA,NA
34,104.8205748,27.81960503,721-515,721,515,Positive,NA,239865,NA,Bactibilia,Klebsiella,BacteriaPLUS,Mature,MC,DSH,Patient,Normothermic,NormalPCV,NormalPP,Clumps,NormalWBC,SegmentedNeutrophilia,NormalBAND,NormalLYMPH,NormalMONO,Eosinophilia,NormalBUN,NormalCREAT,ElevatedALT,ElevatedALP,NormalGGT,ElevatedAST,HighCK,Hyperbilirubinemia,NormalALB,NormalGLOB,NormalCHOL,Hyperglycemia,Cholangitis,Inflammatorycells,Single,GIPanel,ElevatedfPLi,Normal,Noantibiotics,GBAUSPLUS,N,N,Y,N,N,N,N,PancAUSPLUS,N,N,N,N,Y,ITAUSPLUS,N,Y,muscularis,N,HepAUSPLUS,N,Y,GBAUSPLUS-HepAUSPLUS,NodeAUSNEG,NA,ITAUSPLUS-NodeAUSNEG,N,ElevatedLEActivity,Hepatocellular,InflammPLUS,InflammPLUS-BacteriaPLUS,ELEPLUS-BacteriaPLUS,GBAUSPLUS-BacteriaPLUS,InflammPLUS-ELEPLUS-BacteriaPLUS,InflammPLUS-GBAUSPLUS-BacteriaPLUS,ELEPLUS-GBAUSPLUS-BacteriaPLUS,InflammPLUS-ELEPLUS-GBAUSPLUS-BacteriaPLUS,InflammPLUS-ELEPLUS,InflammPLUS-GBAUSPLUS,ELEPLUS-GBAUSPLUS,InflammPLUS-ELEPLUS-GBAUSPLUS,InflammPLUS-PancAUSPLUS,fPLiNEG-PancAUSPLUS,InflammPLUS-fPLiNEG-PancAUSPLUS,LowB12-FolateNEG-ITAUSPLUS,LowB12-FolateNEG-ITAUSPLUS-NodeAUSNEG,NA
35,0.002627016,3.618057423,721-516,721,516,Positive,NA,119049,NA,Nobactibilia,Noculturedorganisms,BacteriaNEG,Geriatric,MC,DSH,Patient,Normothermic,NormalPCV,HighPP,NormalPLT,NormalWBC,SegmentedNeutrophilia,NormalBAND,NormalLYMPH,NormalMONO,NormalEOS,NormalBUN,NormalCREAT,ElevatedALT,ElevatedALP,ElevatedGGT,ElevatedAST,HighCK,Hyperbilirubinemia,NormalALB,NormalGLOB,Hypercholesterolemia,Hyperglycemia,OtherDiagnosis,Noinflammatorycells,None,NoGIPanel,Notperformed,Notperformed,Noantibiotics,GBAUSPLUS,N,N,Y,N,N,N,N,PancAUSPLUS,Y,N,Y,Y,Y,ITAUSNEG,N,N,none,N,HepAUSPLUS,Y,N,GBAUSPLUS-HepAUSPLUS,NodeAUSNEG,NA,ITAUSNEG-NodeAUSNEG,N,ElevatedLEActivity,Cholestatic,InflammPLUS,InflammPLUS-BacteriaNEG,ELEPLUS-BacteriaNEG,GBAUSPLUS-BacteriaNEG,InflammPLUS-ELEPLUS-BacteriaNEG,InflammPLUS-GBAUSPLUS-BacteriaNEG,ELEPLUS-GBAUSPLUS-BacteriaNEG,InflammPLUS-ELEPLUS-GBAUSPLUS-BacteriaNEG,InflammPLUS-ELEPLUS,InflammPLUS-GBAUSPLUS,ELEPLUS-GBAUSPLUS,InflammPLUS-ELEPLUS-GBAUSPLUS,InflammPLUS-PancAUSPLUS,NA,NA,NA,NA,NA
36,ND,6.456335335,721-517,721,517,Positive,NA,240181,NA,Nobactibilia,Noculturedorganisms,BacteriaNEG,Junior,MC,DSH,Patient,Hyperthermic,NormalPCV,NormalPP,NormalPLT,NormalWBC,SegmentedNeutrophilia,BandNeutrophilia,NormalLYMPH,NormalMONO,NormalEOS,LowBUN,NormalCREAT,NormalALT,NormalALP,NormalGGT,ElevatedAST,HighCK,NormalTBILI,NormalALB,NormalGLOB,NormalCHOL,Normoglycemia,Cholangitis,Noinflammatorycells,None,NoGIPanel,Notperformed,Notperformed,Noantibiotics,GBAUSNEG,N,N,N,N,N,N,N,PancAUSNEG,N,N,N,N,N,ITAUSNEG,N,N,none,N,HepAUSNEG,N,N,GBAUSNEG-HepAUSNEG,NodeAUSNEG,NA,ITAUSNEG-NodeAUSNEG,N,NormalLE,Normal,InflammPLUS,InflammPLUS-BacteriaNEG,ELENEG-BacteriaNEG,GBAUSNEG-BacteriaNEG,InflammPLUS-ELENEG-BacteriaNEG,InflammPLUS-GBAUSNEG-BacteriaNEG,ELENEG-GBAUSNEG-BacteriaNEG,InflammPLUS-ELENEG-GBAUSNEG-BacteriaNEG,InflammPLUS-ELENEG,InflammPLUS-GBAUSNEG,ELENEG-GBAUSNEG,InflammPLUS-ELENEG-GBAUSNEG,InflammPLUS-PancAUSNEG,NA,NA,NA,NA,NA
37,103.8275627,1.912103015,721-518,721,518,Positive,NA,241048,NA,Bactibilia,E.coli,BacteriaPLUS,Mature,MC,DLH,Patient,Hyperthermic,NormalPCV,HighPP,NormalPLT,Leukocytosis,SegmentedNeutrophilia,NormalBAND,NormalLYMPH,NormalMONO,NormalEOS,NormalBUN,NormalCREAT,ElevatedALT,NormalALP,NormalGGT,ElevatedAST,NormalCK,Hyperbilirubinemia,NormalALB,NormalGLOB,NormalCHOL,Hyperglycemia,Cholangitis,Inflammatorycells,Single,NoGIPanel,Notperformed,Notperformed,Noantibiotics,GBAUSPLUS,Y,Y,Y,Y,N,N,N,PancAUSPLUS,Y,N,Y,Y,N,ITAUSPLUS,N,Y,muscularis,N,HepAUSNEG,N,N,GBAUSPLUS-HepAUSNEG,NodeAUSNEG,NA,ITAUSPLUS-NodeAUSNEG,Y,ElevatedLEActivity,Hepatocellular,InflammPLUS,InflammPLUS-BacteriaPLUS,ELEPLUS-BacteriaPLUS,GBAUSPLUS-BacteriaPLUS,InflammPLUS-ELEPLUS-BacteriaPLUS,InflammPLUS-GBAUSPLUS-BacteriaPLUS,ELEPLUS-GBAUSPLUS-BacteriaPLUS,InflammPLUS-ELEPLUS-GBAUSPLUS-BacteriaPLUS,InflammPLUS-ELEPLUS,InflammPLUS-GBAUSPLUS,ELEPLUS-GBAUSPLUS,InflammPLUS-ELEPLUS-GBAUSPLUS,InflammPLUS-PancAUSPLUS,NA,NA,NA,NA,NA
38,105.8503652,33.5230498,721-520,721,520,Positive,NA,238397,238397Patient,Bactibilia,E.coli.enterococcus,BacteriaPLUS,Geriatric,FS,DSH,Patient,Hyperthermic,Anemic,NormalPP,NormalPLT,Leukocytosis,SegmentedNeutrophilia,BandNeutrophilia,NormalLYMPH,Monocytosis,Eosinophilia,HighBUN,HighCREAT,ElevatedALT,NormalALP,NormalGGT,ElevatedAST,NormalCK,NormalTBILI,Hypoalbuminemia,NormalGLOB,NormalCHOL,Hyperglycemia,Cholangitis,Inflammatorycells,Multiple,NoGIPanel,Notperformed,Notperformed,Current-previousantibioticusage,GBAUSPLUS,Y,Y,Y,Y,N,Y,Y,PancAUSNEG,N,N,N,N,N,ITAUSNEG,N,N,none,N,HepAUSNEG,N,N,GBAUSPLUS-HepAUSNEG,NodeAUSNEG,NA,ITAUSNEG-NodeAUSNEG,N,ElevatedLEActivity,Hepatocellular,InflammPLUS,InflammPLUS-BacteriaPLUS,ELEPLUS-BacteriaPLUS,GBAUSPLUS-BacteriaPLUS,InflammPLUS-ELEPLUS-BacteriaPLUS,InflammPLUS-GBAUSPLUS-BacteriaPLUS,ELEPLUS-GBAUSPLUS-BacteriaPLUS,InflammPLUS-ELEPLUS-GBAUSPLUS-BacteriaPLUS,InflammPLUS-ELEPLUS,InflammPLUS-GBAUSPLUS,ELEPLUS-GBAUSPLUS,InflammPLUS-ELEPLUS-GBAUSPLUS,InflammPLUS-PancAUSNEG,NA,NA,NA,NA,NA
39,ND,7.493053688,721-521,721,521,Negative_Sampling,NA,238397C,238397PatientTechnical,NA,NA,NA,Technical,Technical,Technical,PatientTechnical,NA,NA,NA,NA,NA,NA,NA,NA,NA,NA,NA,NA,NA,NA,NA,NA,NA,NA,NA,NA,NA,NA,NA,NA,NA,NA,NA,NA,NA,NA,NA,NA,NA,NA,NA,NA,NA,NA,NA,NA,NA,NA,NA,NA,NA,NA,NA,NA,NA,NA,NA,NA,NA,NA,NA,NA,NA,NA,NA,NA,NA,NA,NA,NA,NA,NA,NA,NA,NA,NA,NA,NA,NA,NA,NA,NA
40,ND,1.284694213,721-522,721,522,Positive,NA,242325,242325Patient,Nobactibilia,Noculturedorganisms,BacteriaNEG,Senior,MC,MaineCoone,Patient,Normothermic,NormalPCV,NormalPP,Thrombocytopenia,NormalWBC,NormalSEG,BandNeutrophilia,NormalLYMPH,NormalMONO,NormalEOS,HighBUN,HighCREAT,NormalALT,NormalALP,NormalGGT,ElevatedAST,HighCK,Hyperbilirubinemia,NormalALB,NormalGLOB,NormalCHOL,Hyperglycemia,OtherDiagnosis,Noinflammatorycells,None,GIPanel,Normal,High,Currentantibioticusage,GBAUSPLUS,N,N,Y,N,N,N,N,PancAUSNEG,N,N,N,N,N,ITAUSNEG,N,N,none,N,HepAUSNEG,N,N,GBAUSPLUS-HepAUSNEG,NodeAUSNEG,NA,ITAUSNEG-NodeAUSNEG,N,NormalLE,Normal,InflammPLUS,InflammPLUS-BacteriaNEG,ELENEG-BacteriaNEG,GBAUSPLUS-BacteriaNEG,InflammPLUS-ELENEG-BacteriaNEG,InflammPLUS-GBAUSPLUS-BacteriaNEG,ELENEG-GBAUSPLUS-BacteriaNEG,InflammPLUS-ELENEG-GBAUSPLUS-BacteriaNEG,InflammPLUS-ELENEG,InflammPLUS-GBAUSPLUS,ELENEG-GBAUSPLUS,InflammPLUS-ELENEG-GBAUSPLUS,InflammPLUS-PancAUSNEG,fPLiNEG-PancAUSNEG,InflammPLUS-fPLiNEG-PancAUSNEG,LowB12-FolateNEG-ITAUSNEG,LowB12-FolateNEG-ITAUSNEG-NodeAUS,NA
41,ND,3.48361268,722-513,722,513,Negative_Sampling,NA,242325C,242225PatientTechnical,NA,NA,NA,Technical,Technical,Technical,PatientTechnical,NA,NA,NA,NA,NA,NA,NA,NA,NA,NA,NA,NA,NA,NA,NA,NA,NA,NA,NA,NA,NA,NA,NA,NA,NA,NA,NA,NA,NA,NA,NA,NA,NA,NA,NA,NA,NA,NA,NA,NA,NA,NA,NA,NA,NA,NA,NA,NA,NA,NA,NA,NA,NA,NA,NA,NA,NA,NA,NA,NA,NA,NA,NA,NA,NA,NA,NA,NA,NA,NA,NA,NA,NA,NA,NA,NA
42,ND,3.465686714,722-515,722,515,Positive,NA,205925,NA,Nobactibilia,Noculturedorganisms,BacteriaNEG,Senior,MC,Siamese,Patient,Normothermic,Anemic,NormalPP,NormalPLT,NormalWBC,SegmentedNeutrophilia,NormalBAND,Lymphopenia,NormalMONO,NormalEOS,LowBUN,LowCREAT,ElevatedALT,NormalALP,NormalGGT,ElevatedAST,NormalCK,NormalTBILI,NormalALB,Hypoglobulinemia,NormalCHOL,Hyperglycemia,Cholangitis,Noinflammatorycells,None,GIPanel,Normal,Low,Current-previousantibioticusage,GBAUSPLUS,N,N,Y,N,N,N,N,PancAUSPLUS,N,N,N,Y,N,ITAUSNEG,N,N,none,N,HepAUSPLUS,N,Y,GBAUSPLUS-HepAUSPLUS,NodeAUSNEG,NA,ITAUSNEG-NodeAUSNEG,N,ElevatedLEActivity,Hepatocellular,InflammPLUS,InflammPLUS-BacteriaNEG,ELEPLUS-BacteriaNEG,GBAUSPLUS-BacteriaNEG,InflammPLUS-ELEPLUS-BacteriaNEG,InflammPLUS-GBAUSPLUS-BacteriaNEG,ELEPLUS-GBAUSPLUS-BacteriaNEG,InflammPLUS-ELEPLUS-GBAUSPLUS-BacteriaNEG,InflammPLUS-ELEPLUS,InflammPLUS-GBAUSPLUS,ELEPLUS-GBAUSPLUS,InflammPLUS-ELEPLUS-GBAUSPLUS,InflammPLUS-PancAUSPLUS,fPLiNEG-PancAUSNEG,InflammPLUS-fPLiNEG-PancAUSNEG,LowB12-FolatePLUS-ITAUSNEG,LowB12-FolatePLUS-ITAUSNEG-NodeAUSNEG,NA
43,ND,2.219832093,722-516,722,516,Positive,NA,242357,NA,Nobactibilia,Noculturedorganisms,BacteriaNEG,Senior,FS,DSH,Patient,Normothermic,NormalPCV,NormalPP,Clumps,NormalWBC,NormalSEG,BandNeutrophilia,NormalLYMPH,NormalMONO,NormalEOS,NormalBUN,NormalCREAT,ElevatedALT,NormalALP,NormalGGT,ElevatedAST,NormalCK,NormalTBILI,NormalALB,NormalGLOB,NormalCHOL,Normoglycemia,Cholangitis,Noinflammatorycells,None,NoGIPanel,Notperformed,Notperformed,Noantibiotics,N-A,N-A,N-A,N-A,N-A,N-A,N-A,N-A,N-A,N-A,N-A,N-A,N-A,N-A,N-A,N-A,N-A,N-A,N-A,N-A,N-A,N-A,N-A,N-A,NA,N-A,N-A,ElevatedLEActivity,Hepatocellular,InflammPLUS,InflammPLUS-BacteriaNEG,ELEPLUS-BacteriaNEG,NA,InflammPLUS-ELEPLUS-BacteriaNEG,NA,NA,NA,InflammPLUS-ELEPLUS,NA,NA,NA,NA,NA,NA,NA,NA,NA
44,ND,40.9772639,722-517,722,517,Positive,NA,243372,NA,Nobactibilia,Noculturedorganisms,BacteriaNEG,Senior,FS,DSH,Patient,Hyperthermic,NormalPCV,NormalPP,NormalPLT,NormalWBC,NormalSEG,BandNeutrophilia,Lymphopenia,NormalMONO,Eosinophilia,NormalBUN,NormalCREAT,NormalALT,LowALP,NormalGGT,ElevatedAST,HighCK,NormalTBILI,NormalALB,NormalGLOB,NormalCHOL,Hyperglycemia,OtherDiagnosis,Noinflammatorycells,None,NoGIPanel,Notperformed,Notperformed,Noantibiotics,GBAUSPLUS,N,N,Y,N,N,N,N,PancAUSNEG,N,N,Y,N,N,ITAUSPLUS,N,Y,muscularis,N,HepAUSNEG,N,N,GBAUSPLUS-HepAUSNEG,NodeAUSPLUS,jejunal.colic,ITAUSPLUS-NodeAUSPLUS,N,NormalLE,Normal,InflammPLUS,InflammPLUS-BacteriaNEG,ELENEG-BacteriaNEG,GBAUSPLUS-BacteriaNEG,InflammPLUS-ELENEG-BacteriaNEG,InflammPLUS-GBAUSPLUS-BacteriaNEG,ELENEG-GBAUSPLUS-BacteriaNEG,InflammPLUS-ELENEG-GBAUSPLUS-BacteriaNEG,InflammPLUS-ELENEG,InflammPLUS-GBAUSPLUS,ELENEG-GBAUSPLUS,InflammPLUS-ELENEG-GBAUSPLUS,InflammPLUS-PancAUSNEG,NA,NA,NA,NA,NA
45,ND,4.645812793,722-518,722,518,Positive,NA,245384,NA,Nobactibilia,Noculturedorganisms,BacteriaNEG,Senior,MC,Burmese,Patient,Normothermic,NA,NA,NA,NA,NA,NA,NA,NA,NA,HighBUN,HighCREAT,NormalALT,NormalALP,NormalGGT,ElevatedAST,HighCK,NormalTBILI,Hypoalbuminemia,NormalGLOB,NormalCHOL,Normoglycemia,OtherDiagnosis,Noinflammatorycells,None,NoGIPanel,Notperformed,Notperformed,Noantibiotics,GBAUSPLUS,N,N,Y,N,N,N,N,PancAUSNEG,N,N,N,N,N,ITAUSNEG,N,N,none,N,HepAUSPLUS,N,Y,GBAUSPLUS-HepAUSPLUS,NodeAUSNEG,NA,ITAUSNEG-NodeAUSNEG,N,NormalLE,Normal,NA,NA,ELENEG-BacteriaNEG,GBAUSPLUS-BacteriaNEG,NA,NA,ELENEG-GBAUSPLUS-BacteriaNEG,NA,NA,NA,ELENEG-GBAUSPLUS,NA,NA,NA,NA,NA,NA,NA
46,0.323122997,18.55486839,722-520,722,520,Positive,NA,205394,NA,Nobactibilia,Noculturedorganisms,BacteriaNEG,NA,FI,DSH,Control,NA,NA,NA,NA,NA,NA,NA,NA,NA,NA,NA,NA,NA,NA,NA,NA,NA,NA,NA,NA,NA,NA,NA,Noinflammatorycells,None,NA,NA,NA,NA,NA,NA,NA,NA,NA,NA,NA,NA,NA,NA,NA,NA,NA,NA,NA,NA,NA,NA,NA,NA,NA,NA,NA,NA,NA,NA,NA,NA,NA,NA,NA,NA,NA,NA,NA,NA,NA,NA,NA,NA,NA,NA,NA,NA,NA,NA,2ducts
47,0.018389114,3.828687521,722-521,722,521,Positive,NA,205395,NA,Nobactibilia,Noculturedorganisms,BacteriaNEG,NA,FI,DSH,Control,NA,NA,NA,NA,NA,NA,NA,NA,NA,NA,NA,NA,NA,NA,NA,NA,NA,NA,NA,NA,NA,NA,NA,Noinflammatorycells,None,NA,NA,NA,NA,NA,NA,NA,NA,NA,NA,NA,NA,NA,NA,NA,NA,NA,NA,NA,NA,NA,NA,NA,NA,NA,NA,NA,NA,NA,NA,NA,NA,NA,NA,NA,NA,NA,NA,NA,NA,NA,NA,NA,NA,NA,NA,NA,NA,NA,NA,2ducts
48,0.010508065,2.152609722,722-522,722,522,Positive,NA,205377,NA,Nobactibilia,Noculturedorganisms,BacteriaNEG,NA,FI,DSH,Control,NA,NA,NA,NA,NA,NA,NA,NA,NA,NA,NA,NA,NA,NA,NA,NA,NA,NA,NA,NA,NA,NA,NA,Noinflammatorycells,None,NA,NA,NA,NA,NA,NA,NA,NA,NA,NA,NA,NA,NA,NA,NA,NA,NA,NA,NA,NA,NA,NA,NA,NA,NA,NA,NA,NA,NA,NA,NA,NA,NA,NA,NA,NA,NA,NA,NA,NA,NA,NA,NA,NA,NA,NA,NA,NA,NA,NA,1duct
49,ND,1.956917929,723-513,723,513,Positive,NA,205417,NA,Nobactibilia,Noculturedorganisms,BacteriaNEG,NA,MI,DSH,Control,NA,NA,NA,NA,NA,NA,NA,NA,NA,NA,NA,NA,NA,NA,NA,NA,NA,NA,NA,NA,NA,NA,NA,Noinflammatorycells,None,NA,NA,NA,NA,NA,NA,NA,NA,NA,NA,NA,NA,NA,NA,NA,NA,NA,NA,NA,NA,NA,NA,NA,NA,NA,NA,NA,NA,NA,NA,NA,NA,NA,NA,NA,NA,NA,NA,NA,NA,NA,NA,NA,NA,NA,NA,NA,NA,NA,NA,2ducts
50,0.002627016,3.792835589,723-515,723,515,Positive,NA,207010,NA,Nobactibilia,Noculturedorganisms,BacteriaNEG,NA,MI,DSH,Control,NA,NA,NA,NA,NA,NA,NA,NA,NA,NA,NA,NA,NA,NA,NA,NA,NA,NA,NA,NA,NA,NA,NA,Noinflammatorycells,None,NA,NA,NA,NA,NA,NA,NA,NA,NA,NA,NA,NA,NA,NA,NA,NA,NA,NA,NA,NA,NA,NA,NA,NA,NA,NA,NA,NA,NA,NA,NA,NA,NA,NA,NA,NA,NA,NA,NA,NA,NA,NA,NA,NA,NA,NA,NA,NA,NA,NA,2ducts
51,ND,2.293029787,723-516,723,516,Positive,NA,207009,NA,Nobactibilia,Noculturedorganisms,BacteriaNEG,NA,FI,DSH,Control,NA,NA,NA,NA,NA,NA,NA,NA,NA,NA,NA,NA,NA,NA,NA,NA,NA,NA,NA,NA,NA,NA,NA,Noinflammatorycells,None,NA,NA,NA,NA,NA,NA,NA,NA,NA,NA,NA,NA,NA,NA,NA,NA,NA,NA,NA,NA,NA,NA,NA,NA,NA,NA,NA,NA,NA,NA,NA,NA,NA,NA,NA,NA,NA,NA,NA,NA,NA,NA,NA,NA,NA,NA,NA,NA,NA,NA,2ducts
52,ND,21.23480027,723-517,723,517,Positive,NA,207097,NA,Nobactibilia,Noculturedorganisms,BacteriaNEG,NA,FI,DSH,Control,NA,NA,NA,NA,NA,NA,NA,NA,NA,NA,NA,NA,NA,NA,NA,NA,NA,NA,NA,NA,NA,NA,NA,Noinflammatorycells,None,NA,NA,NA,NA,NA,NA,NA,NA,NA,NA,NA,NA,NA,NA,NA,NA,NA,NA,NA,NA,NA,NA,NA,NA,NA,NA,NA,NA,NA,NA,NA,NA,NA,NA,NA,NA,NA,NA,NA,NA,NA,NA,NA,NA,NA,NA,NA,NA,NA,NA,2ducts
53,ND,8.295240656,723-518,723,518,Positive,NA,207301,207301Control,Nobactibilia,Noculturedorganisms,BacteriaNEG,NA,FI,DSH,Control,NA,NA,NA,NA,NA,NA,NA,NA,NA,NA,NA,NA,NA,NA,NA,NA,NA,NA,NA,NA,NA,NA,NA,Noinflammatorycells,None,NA,NA,NA,NA,NA,NA,NA,NA,NA,NA,NA,NA,NA,NA,NA,NA,NA,NA,NA,NA,NA,NA,NA,NA,NA,NA,NA,NA,NA,NA,NA,NA,NA,NA,NA,NA,NA,NA,NA,NA,NA,NA,NA,NA,NA,NA,NA,NA,NA,NA,1duct
54,ND,1.553583699,723-520,723,520,Negative_Sampling,NA,207301C,207301ControlTechnical,NA,NA,NA,NA,Technical,Technical,ControlTechnical,NA,NA,NA,NA,NA,NA,NA,NA,NA,NA,NA,NA,NA,NA,NA,NA,NA,NA,NA,NA,NA,NA,NA,NA,NA,NA,NA,NA,NA,NA,NA,NA,NA,NA,NA,NA,NA,NA,NA,NA,NA,NA,NA,NA,NA,NA,NA,NA,NA,NA,NA,NA,NA,NA,NA,NA,NA,NA,NA,NA,NA,NA,NA,NA,NA,NA,NA,NA,NA,NA,NA,NA,NA,NA,NA,NA
55,0.002627016,29.57186818,723-521,723,521,Positive,NA,207357,207357Control,Nobactibilia,Noculturedorganisms,BacteriaNEG,NA,MI,DSH,Control,NA,NA,NA,NA,NA,NA,NA,NA,NA,NA,NA,NA,NA,NA,NA,NA,NA,NA,NA,NA,NA,NA,NA,Noinflammatorycells,None,NA,NA,NA,NA,NA,NA,NA,NA,NA,NA,NA,NA,NA,NA,NA,NA,NA,NA,NA,NA,NA,NA,NA,NA,NA,NA,NA,NA,NA,NA,NA,NA,NA,NA,NA,NA,NA,NA,NA,NA,NA,NA,NA,NA,NA,NA,NA,NA,NA,NA,2ducts
56,ND,5.591407487,723-522,723,522,Negative_Sampling,NA,207357C,207357ControlTechnical,NA,NA,NA,NA,Technical,Technical,ControlTechnical,NA,NA,NA,NA,NA,NA,NA,NA,NA,NA,NA,NA,NA,NA,NA,NA,NA,NA,NA,NA,NA,NA,NA,NA,NA,NA,NA,NA,NA,NA,NA,NA,NA,NA,NA,NA,NA,NA,NA,NA,NA,NA,NA,NA,NA,NA,NA,NA,NA,NA,NA,NA,NA,NA,NA,NA,NA,NA,NA,NA,NA,NA,NA,NA,NA,NA,NA,NA,NA,NA,NA,NA,NA,NA,NA,NA
57,0.015762097,12.71100356,724-513,724,513,Positive,NA,208302,208302Control,Nobactibilia,Noculturedorganisms,BacteriaNEG,NA,FI,DSH,Control,NA,NA,NA,NA,NA,NA,NA,NA,NA,NA,NA,NA,NA,NA,NA,NA,NA,NA,NA,NA,NA,NA,NA,Noinflammatorycells,None,NA,NA,NA,NA,NA,NA,NA,NA,NA,NA,NA,NA,NA,NA,NA,NA,NA,NA,NA,NA,NA,NA,NA,NA,NA,NA,NA,NA,NA,NA,NA,NA,NA,NA,NA,NA,NA,NA,NA,NA,NA,NA,NA,NA,NA,NA,NA,NA,NA,NA,2ducts
58,ND,9.273699621,724-515,724,515,Negative_Sampling,NA,208302C,208302ControlTechnical,NA,NA,NA,NA,Technical,Technical,Technical,NA,NA,NA,NA,NA,NA,NA,NA,NA,NA,NA,NA,NA,NA,NA,NA,NA,NA,NA,NA,NA,NA,NA,NA,NA,NA,NA,NA,NA,NA,NA,NA,NA,NA,NA,NA,NA,NA,NA,NA,NA,NA,NA,NA,NA,NA,NA,NA,NA,NA,NA,NA,NA,NA,NA,NA,NA,NA,NA,NA,NA,NA,NA,NA,NA,NA,NA,NA,NA,NA,NA,NA,NA,NA,NA,NA
59,ND,8.335574079,724-516,724,516,Positive,NA,207360,207360Control,Nobactibilia,Noculturedorganisms,BacteriaNEG,NA,FI,DSH,Control,NA,NA,NA,NA,NA,NA,NA,NA,NA,NA,NA,NA,NA,NA,NA,NA,NA,NA,NA,NA,NA,NA,NA,Noinflammatorycells,None,NA,NA,NA,NA,NA,NA,NA,NA,NA,NA,NA,NA,NA,NA,NA,NA,NA,NA,NA,NA,NA,NA,NA,NA,NA,NA,NA,NA,NA,NA,NA,NA,NA,NA,NA,NA,NA,NA,NA,NA,NA,NA,NA,NA,NA,NA,NA,NA,NA,NA,2ducts
60,0.005254032,5.808012907,724-517,724,517,Negative_Sampling,NA,207360C,207360ControlTechnical,NA,NA,NA,NA,Technical,Technical,Technical,NA,NA,NA,NA,NA,NA,NA,NA,NA,NA,NA,NA,NA,NA,NA,NA,NA,NA,NA,NA,NA,NA,NA,NA,NA,NA,NA,NA,NA,NA,NA,NA,NA,NA,NA,NA,NA,NA,NA,NA,NA,NA,NA,NA,NA,NA,NA,NA,NA,NA,NA,NA,NA,NA,NA,NA,NA,NA,NA,NA,NA,NA,NA,NA,NA,NA,NA,NA,NA,NA,NA,NA,NA,NA,NA,NA
61,0.052540325,5.890173583,724-518,724,518,Positive,NA,207361,207361Control,Nobactibilia,Noculturedorganisms,BacteriaNEG,NA,FI,DSH,Control,NA,NA,NA,NA,NA,NA,NA,NA,NA,NA,NA,NA,NA,NA,NA,NA,NA,NA,NA,NA,NA,NA,NA,Noinflammatorycells,None,NA,NA,NA,NA,NA,NA,NA,NA,NA,NA,NA,NA,NA,NA,NA,NA,NA,NA,NA,NA,NA,NA,NA,NA,NA,NA,NA,NA,NA,NA,NA,NA,NA,NA,NA,NA,NA,NA,NA,NA,NA,NA,NA,NA,NA,NA,NA,NA,NA,NA,1duct
62,ND,17.0311613,724-520,724,520,Negative_Sampling,NA,207361C,207361ControlTechnical,NA,NA,NA,NA,Technical,Technical,Technical,NA,NA,NA,NA,NA,NA,NA,NA,NA,NA,NA,NA,NA,NA,NA,NA,NA,NA,NA,NA,NA,NA,NA,NA,NA,NA,NA,NA,NA,NA,NA,NA,NA,NA,NA,NA,NA,NA,NA,NA,NA,NA,NA,NA,NA,NA,NA,NA,NA,NA,NA,NA,NA,NA,NA,NA,NA,NA,NA,NA,NA,NA,NA,NA,NA,NA,NA,NA,NA,NA,NA,NA,NA,NA,NA,NA
63,ND,22.16396283,724-521,724,521,Positive,NA,207119,207119Control,Nobactibilia,Noculturedorganisms,BacteriaNEG,NA,FI,DSH,Control,NA,NA,NA,NA,NA,NA,NA,NA,NA,NA,NA,NA,NA,NA,NA,NA,NA,NA,NA,NA,NA,NA,NA,Noinflammatorycells,None,NA,NA,NA,NA,NA,NA,NA,NA,NA,NA,NA,NA,NA,NA,NA,NA,NA,NA,NA,NA,NA,NA,NA,NA,NA,NA,NA,NA,NA,NA,NA,NA,NA,NA,NA,NA,NA,NA,NA,NA,NA,NA,NA,NA,NA,NA,NA,NA,NA,NA,2ducts
64,ND,10.27157838,724-522,724,522,Negative_Sampling,NA,207119C,207119ControlTechnical,NA,NA,NA,NA,Technical,Technical,Technical,NA,NA,NA,NA,NA,NA,NA,NA,NA,NA,NA,NA,NA,NA,NA,NA,NA,NA,NA,NA,NA,NA,NA,NA,NA,NA,NA,NA,NA,NA,NA,NA,NA,NA,NA,NA,NA,NA,NA,NA,NA,NA,NA,NA,NA,NA,NA,NA,NA,NA,NA,NA,NA,NA,NA,NA,NA,NA,NA,NA,NA,NA,NA,NA,NA,NA,NA,NA,NA,NA,NA,NA,NA,NA,NA,NA
65,0.06304839,11.59809985,726-513,726,513,Positive,NA,207496,207496Control,Nobactibilia,Noculturedorganisms,BacteriaNEG,NA,MI,DSH,Control,NA,NA,NA,NA,NA,NA,NA,NA,NA,NA,NA,NA,NA,NA,NA,NA,NA,NA,NA,NA,NA,NA,NA,Noinflammatorycells,None,NA,NA,NA,NA,NA,NA,NA,NA,NA,NA,NA,NA,NA,NA,NA,NA,NA,NA,NA,NA,NA,NA,NA,NA,NA,NA,NA,NA,NA,NA,NA,NA,NA,NA,NA,NA,NA,NA,NA,NA,NA,NA,NA,NA,NA,NA,NA,NA,NA,NA,2ducts
66,ND,9.095933793,726-515,726,515,Negative_Sampling,NA,207496C,207496ControlTechnical,NA,NA,NA,NA,Technical,Technical,Technical,NA,NA,NA,NA,NA,NA,NA,NA,NA,NA,NA,NA,NA,NA,NA,NA,NA,NA,NA,NA,NA,NA,NA,NA,NA,NA,NA,NA,NA,NA,NA,NA,NA,NA,NA,NA,NA,NA,NA,NA,NA,NA,NA,NA,NA,NA,NA,NA,NA,NA,NA,NA,NA,NA,NA,NA,NA,NA,NA,NA,NA,NA,NA,NA,NA,NA,NA,NA,NA,NA,NA,NA,NA,NA,NA,NA
67,ND,5.10292492,726-516,726,516,Positive,NA,207501,207501Control,Nobactibilia,Noculturedorganisms,BacteriaNEG,NA,FI,DSH,Control,NA,NA,NA,NA,NA,NA,NA,NA,NA,NA,NA,NA,NA,NA,NA,NA,NA,NA,NA,NA,NA,NA,NA,Noinflammatorycells,None,NA,NA,NA,NA,NA,NA,NA,NA,NA,NA,NA,NA,NA,NA,NA,NA,NA,NA,NA,NA,NA,NA,NA,NA,NA,NA,NA,NA,NA,NA,NA,NA,NA,NA,NA,NA,NA,NA,NA,NA,NA,NA,NA,NA,NA,NA,NA,NA,NA,NA,1duct
68,ND,6.073914732,726-517,726,517,Negative_Sampling,NA,207501C,207501ControlTechnical,NA,NA,NA,NA,Technical,Technical,Technical,NA,NA,NA,NA,NA,NA,NA,NA,NA,NA,NA,NA,NA,NA,NA,NA,NA,NA,NA,NA,NA,NA,NA,NA,NA,NA,NA,NA,NA,NA,NA,NA,NA,NA,NA,NA,NA,NA,NA,NA,NA,NA,NA,NA,NA,NA,NA,NA,NA,NA,NA,NA,NA,NA,NA,NA,NA,NA,NA,NA,NA,NA,NA,NA,NA,NA,NA,NA,NA,NA,NA,NA,NA,NA,NA,NA
70,ND,6.560903469,726-520,726,520,Negative_Sampling,NA,207502C,207502ControlTechnical,NA,NA,NA,NA,Technical,Technical,Technical,NA,NA,NA,NA,NA,NA,NA,NA,NA,NA,NA,NA,NA,NA,NA,NA,NA,NA,NA,NA,NA,NA,NA,NA,NA,NA,NA,NA,NA,NA,NA,NA,NA,NA,NA,NA,NA,NA,NA,NA,NA,NA,NA,NA,NA,NA,NA,NA,NA,NA,NA,NA,NA,NA,NA,NA,NA,NA,NA,NA,NA,NA,NA,NA,NA,NA,NA,NA,NA,NA,NA,NA,NA,NA,NA,NA
71,ND,8.411759434,726-521,726,521,Positive,NA,212248,212248Control,Nobactibilia,Noculturedorganisms,BacteriaNEG,NA,MI,DSH,Control,NA,NA,NA,NA,NA,NA,NA,NA,NA,NA,NA,NA,NA,NA,NA,NA,NA,NA,NA,NA,NA,NA,NA,Noinflammatorycells,None,NA,NA,NA,NA,NA,NA,NA,NA,NA,NA,NA,NA,NA,NA,NA,NA,NA,NA,NA,NA,NA,NA,NA,NA,NA,NA,NA,NA,NA,NA,NA,NA,NA,NA,NA,NA,NA,NA,NA,NA,NA,NA,NA,NA,NA,NA,NA,NA,NA,NA,1duct
72,ND,27.18771474,726-522,726,522,Negative_Sampling,NA,212248C,212248ControlTechnical,NA,NA,NA,NA,Technical,Technical,Technical,NA,NA,NA,NA,NA,NA,NA,NA,NA,NA,NA,NA,NA,NA,NA,NA,NA,NA,NA,NA,NA,NA,NA,NA,NA,NA,NA,NA,NA,NA,NA,NA,NA,NA,NA,NA,NA,NA,NA,NA,NA,NA,NA,NA,NA,NA,NA,NA,NA,NA,NA,NA,NA,NA,NA,NA,NA,NA,NA,NA,NA,NA,NA,NA,NA,NA,NA,NA,NA,NA,NA,NA,NA,NA,NA,NA
73,ND,4.820590959,727-513,727,513,Positive,NA,212528,212528Control,Nobactibilia,Noculturedorganisms,BacteriaNEG,NA,FI,DSH,Control,NA,NA,NA,NA,NA,NA,NA,NA,NA,NA,NA,NA,NA,NA,NA,NA,NA,NA,NA,NA,NA,NA,NA,Noinflammatorycells,None,NA,NA,NA,NA,NA,NA,NA,NA,NA,NA,NA,NA,NA,NA,NA,NA,NA,NA,NA,NA,NA,NA,NA,NA,NA,NA,NA,NA,NA,NA,NA,NA,NA,NA,NA,NA,NA,NA,NA,NA,NA,NA,NA,NA,NA,NA,NA,NA,NA,NA,1duct
74,ND,5.633234741,727-515,727,515,Negative_Sampling,NA,212528C,212528ControlTechnical,NA,NA,NA,NA,Technical,Technical,Technical,NA,NA,NA,NA,NA,NA,NA,NA,NA,NA,NA,NA,NA,NA,NA,NA,NA,NA,NA,NA,NA,NA,NA,NA,NA,NA,NA,NA,NA,NA,NA,NA,NA,NA,NA,NA,NA,NA,NA,NA,NA,NA,NA,NA,NA,NA,NA,NA,NA,NA,NA,NA,NA,NA,NA,NA,NA,NA,NA,NA,NA,NA,NA,NA,NA,NA,NA,NA,NA,NA,NA,NA,NA,NA,NA,NA
75,ND,4.494935915,727-516,727,516,Negative_Isolation,NA,IsolationNegative1,NA,NA,NA,NA,NA,NA,NA,NA,NA,NA,NA,NA,NA,NA,NA,NA,NA,NA,NA,NA,NA,NA,NA,NA,NA,NA,NA,NA,NA,NA,NA,NA,NA,NA,NA,NA,NA,NA,NA,NA,NA,NA,NA,NA,NA,NA,NA,NA,NA,NA,NA,NA,NA,NA,NA,NA,NA,NA,NA,NA,NA,NA,NA,NA,NA,NA,NA,NA,NA,NA,NA,NA,NA,NA,NA,NA,NA,NA,NA,NA,NA,NA,NA,NA
76,ND,7.663350363,727-517,727,517,Negative_Isolation,NA,IsolationNegative2,NA,NA,NA,NA,NA,NA,NA,NA,NA,NA,NA,NA,NA,NA,NA,NA,NA,NA,NA,NA,NA,NA,NA,NA,NA,NA,NA,NA,NA,NA,NA,NA,NA,NA,NA,NA,NA,NA,NA,NA,NA,NA,NA,NA,NA,NA,NA,NA,NA,NA,NA,NA,NA,NA,NA,NA,NA,NA,NA,NA,NA,NA,NA,NA,NA,NA,NA,NA,NA,NA,NA,NA,NA,NA,NA,NA,NA,NA,NA,NA,NA,NA,NA,NA
77,ND,4.51286188,727-518,727,518,Negative_Isolation,NA,IsolationNegative3,NA,NA,NA,NA,NA,NA,NA,NA,NA,NA,NA,NA,NA,NA,NA,NA,NA,NA,NA,NA,NA,NA,NA,NA,NA,NA,NA,NA,NA,NA,NA,NA,NA,NA,NA,NA,NA,NA,NA,NA,NA,NA,NA,NA,NA,NA,NA,NA,NA,NA,NA,NA,NA,NA,NA,NA,NA,NA,NA,NA,NA,NA,NA,NA,NA,NA,NA,NA,NA,NA,NA,NA,NA,NA,NA,NA,NA,NA,NA,NA,NA,NA,NA,NA
79,NA,0.888829136,727-521,727,521,Negative_Library,NA,LibraryNegative,NA,NA,NA,NA,NA,NA,NA,NA,NA,NA,NA,NA,NA,NA,NA,NA,NA,NA,NA,NA,NA,NA,NA,NA,NA,NA,NA,NA,NA,NA,NA,NA,NA,NA,NA,NA,NA,NA,NA,NA,NA,NA,NA,NA,NA,NA,NA,NA,NA,NA,NA,NA,NA,NA,NA,NA,NA,NA,NA,NA,NA,NA,NA,NA,NA,NA,NA,NA,NA,NA,NA,NA,NA,NA,NA,NA,NA,NA,NA,NA,NA,NA,NA,NA